id,address,square,constr_year,levels,flats,latitude,longitude ,created_at,updated_at
1,"Новороссийск, Литейный пер., 38",6742.5,1989,9,162,44.71313815,37.8476772371263,17.06.2023,17.06.2023
2,"Новороссийск, ул. Аршинцева, 3",428.7,1917,2,7,44.73812825,37.77797325,17.06.2023,17.06.2023
3,"Новороссийск, ул. Бориса Пупко, 1",11381.6,2018,16,105,44.6761272,37.7905627,17.06.2023,17.06.2023
4,"Новороссийск, ул. Бориса Пупко, 10",15258.1,2015,16,224,44.673222,37.791288,17.06.2023,17.06.2023
5,"Новороссийск, ул. Бориса Пупко, 3",19961.5,2017,10,261,44.6753813,37.790707325,17.06.2023,17.06.2023
6,"Новороссийск, ул. Бориса Пупко, 5",17024,2018,10,198,44.673924,37.7903341199426,17.06.2023,17.06.2023
7,"Новороссийск, ул. Бориса Пупко, 8",20370.6,2015,16,288,44.67388775,37.7912374894778,17.06.2023,17.06.2023
8,"Новороссийск, ул. Васенко, 32",278.5,1961,1,7,44.7389923,37.7736189,17.06.2023,17.06.2023
9,"Новороссийск, ул. Вербовая, 11",15603.6,2011,21,135,44.6837115,37.7848659815311,17.06.2023,17.06.2023
10,"Новороссийск, ул. Вербовая, 11А",10423.8,2011,20,135,44.6836678,37.7845907,17.06.2023,17.06.2023
11,"Новороссийск, ул. Вербовая, 13",6384.1,2012,16,80,44.6832399,37.783256828869,17.06.2023,17.06.2023
12,"Новороссийск, ул. Вербовая, 15",6503.4,2010,17,80,44.68307565,37.7828132521691,17.06.2023,17.06.2023
13,"Новороссийск, ул. Вербовая, 17",4817.1,1994,10,80,44.68263955,37.78240855,17.06.2023,17.06.2023
14,"Новороссийск, ул. Вербовая, 17",4817.1,1994,10,80,44.68263955,37.78240855,17.06.2023,17.06.2023
15,"Новороссийск, ул. Вербовая, 21",4819.2,1995,10,80,44.6816613,37.7811791,17.06.2023,17.06.2023
16,"Новороссийск, ул. Вербовая, 3",8767.5,2009,9,87,44.6841366,37.7859038,17.06.2023,17.06.2023
17,"Новороссийск, ул. Вербовая, 5",6676.5,2008,9,90,44.68363335,37.7855203758717,17.06.2023,17.06.2023
18,"Новороссийск, ул. Вербовая, 7",6111.1,2009,9,71,44.68348895,37.7860806142698,17.06.2023,17.06.2023
19,"Новороссийск, ул. Вербовая, 9",9622.9,2010,9,97,44.6835047,37.7865066,17.06.2023,17.06.2023
20,"Новороссийск, ул. Видова, 100",19674.3,2020,21,266,44.7257228,37.7540976704309,17.06.2023,17.06.2023
21,"Новороссийск, ул. Видова, 116",3771.9,1979,6,60,44.7276257,37.7507986,17.06.2023,17.06.2023
22,"Новороссийск, ул. Видова, 119",4646.9,0,5,0,44.72908755,37.748472878042,17.06.2023,17.06.2023
23,"Новороссийск, ул. Видова, 119А",2697.3,0,5,0,44.7295038,37.7487530161374,17.06.2023,17.06.2023
24,"Новороссийск, ул. Видова, 121",2958.3,1966,6,77,44.72966875,37.7479791,17.06.2023,17.06.2023
25,"Новороссийск, ул. Видова, 123",4286.2,1981,9,145,44.72977815,37.7472387231353,17.06.2023,17.06.2023
26,"Новороссийск, ул. Видова, 125",4693.5,1974,5,90,44.7304734,37.7455763,17.06.2023,17.06.2023
27,"Новороссийск, ул. Видова, 129",669.4,1961,2,16,44.73086715,37.7448276121279,17.06.2023,17.06.2023
28,"Новороссийск, ул. Видова, 135",2196.4,1969,6,43,44.7320653,37.7430210196453,17.06.2023,17.06.2023
29,"Новороссийск, ул. Видова, 137",3230.28,1982,5,47,44.7324436,37.741248,17.06.2023,17.06.2023
30,"Новороссийск, ул. Видова, 137А",3786.8,1970,9,0,44.7211569,37.7648737,17.06.2023,17.06.2023
31,"Новороссийск, ул. Видова, 149",5361.1,2014,9,90,44.7376865,37.731318800836,17.06.2023,17.06.2023
32,"Новороссийск, ул. Видова, 151",14039.9,2014,9,196,44.73795055,37.7304172642392,17.06.2023,17.06.2023
33,"Новороссийск, ул. Видова, 153",2222,0,10,0,44.7396431,37.72878775,17.06.2023,17.06.2023
34,"Новороссийск, ул. Видова, 156А",4611.7,1974,5,60,44.73052565,37.7422754,17.06.2023,17.06.2023
35,"Новороссийск, ул. Видова, 157",24476,2000,10,416,44.7393242,37.7292394411125,17.06.2023,17.06.2023
36,"Новороссийск, ул. Видова, 158",2276,1966,5,41,44.7310928,37.7422345,17.06.2023,17.06.2023
37,"Новороссийск, ул. Видова, 158А",5237.2,1979,9,64,44.73124225,37.7428993124174,17.06.2023,17.06.2023
38,"Новороссийск, ул. Видова, 160",3410.2,1967,5,63,44.731501,37.7419719,17.06.2023,17.06.2023
39,"Новороссийск, ул. Видова, 160А",2366.1,1982,9,32,44.73188705,37.74150825,17.06.2023,17.06.2023
40,"Новороссийск, ул. Видова, 162",2106.2,1966,5,41,44.73152335,37.7410643,17.06.2023,17.06.2023
41,"Новороссийск, ул. Видова, 163А",4891.7,2006,9,73,44.73971075,37.7296109,17.06.2023,17.06.2023
42,"Новороссийск, ул. Видова, 163Б",3132.4,2008,9,36,44.7211569,37.7648737,17.06.2023,17.06.2023
43,"Новороссийск, ул. Видова, 164",4995.4,1966,5,89,44.73205335,37.7407744,17.06.2023,17.06.2023
44,"Новороссийск, ул. Видова, 164А",2378.7,1980,9,32,44.7324194,37.7402338,17.06.2023,17.06.2023
45,"Новороссийск, ул. Видова, 165",23549.5,1994,10,463,44.74005865,37.7264188462452,17.06.2023,17.06.2023
46,"Новороссийск, ул. Видова, 166",2127.2,1966,5,40,44.7321671,37.7397396,17.06.2023,17.06.2023
47,"Новороссийск, ул. Видова, 167",17045,1994,10,466,44.7409298,37.7251314285832,17.06.2023,17.06.2023
48,"Новороссийск, ул. Видова, 167Б",6197.2,2011,16,79,44.74187645,37.726997375,17.06.2023,17.06.2023
49,"Новороссийск, ул. Видова, 168",4777.5,1965,5,90,44.73269815,37.7394529,17.06.2023,17.06.2023
50,"Новороссийск, ул. Видова, 169",4274.6,1995,10,459,44.74218725,37.7241663392383,17.06.2023,17.06.2023
51,"Новороссийск, ул. Видова, 171",6065.8,2003,10,108,44.7423199,37.726107168004,17.06.2023,17.06.2023
52,"Новороссийск, ул. Видова, 172",3348.8,1966,5,63,44.73380025,37.737152,17.06.2023,17.06.2023
53,"Новороссийск, ул. Видова, 173",20099.2,2001,10,340,44.74178985,37.7250971252167,17.06.2023,17.06.2023
54,"Новороссийск, ул. Видова, 174",2380.4,1978,9,32,44.7344431,37.7362582114898,17.06.2023,17.06.2023
55,"Новороссийск, ул. Видова, 176",3567.2,1966,5,64,44.7344269,37.73584385,17.06.2023,17.06.2023
56,"Новороссийск, ул. Видова, 176А",2652.8,1977,9,36,44.73485225,37.7353312580828,17.06.2023,17.06.2023
57,"Новороссийск, ул. Видова, 177",4593.2,2007,9,71,44.742927,37.72582485,17.06.2023,17.06.2023
58,"Новороссийск, ул. Видова, 178",3522.5,1966,5,80,44.73500035,37.7346426143807,17.06.2023,17.06.2023
59,"Новороссийск, ул. Видова, 178А",2559.5,1976,9,32,44.73537445,37.73426795,17.06.2023,17.06.2023
60,"Новороссийск, ул. Видова, 180",3583,1967,5,80,44.73473525,37.7341415885541,17.06.2023,17.06.2023
61,"Новороссийск, ул. Видова, 182",3917.8,1970,6,185,44.73529065,37.7335302366838,17.06.2023,17.06.2023
62,"Новороссийск, ул. Видова, 182А",2854.9,1977,9,36,44.73604135,37.7330133427563,17.06.2023,17.06.2023
63,"Новороссийск, ул. Видова, 184",4255.8,1972,5,136,44.7359331,37.73218155,17.06.2023,17.06.2023
64,"Новороссийск, ул. Видова, 186",3829.8,1976,5,164,44.7360969,37.7312239868994,17.06.2023,17.06.2023
65,"Новороссийск, ул. Видова, 188",3917.3,1975,5,159,44.7368119,37.7314884,17.06.2023,17.06.2023
66,"Новороссийск, ул. Видова, 190",3398.2,1975,5,60,44.7366544,37.73097095,17.06.2023,17.06.2023
67,"Новороссийск, ул. Видова, 196",5870,2008,16,80,44.7390826,37.7263696970724,17.06.2023,17.06.2023
68,"Новороссийск, ул. Видова, 196А",6014.2,2009,16,80,44.7388467,37.7266415033321,17.06.2023,17.06.2023
69,"Новороссийск, ул. Видова, 210",1226.8,2011,6,28,44.7393533,37.7247143765022,17.06.2023,17.06.2023
70,"Новороссийск, ул. Видова, 210А",1297.7,2012,6,30,44.7211569,37.7648737,17.06.2023,17.06.2023
71,"Новороссийск, ул. Видова, 210Б",2604,2012,6,41,44.7211569,37.7648737,17.06.2023,17.06.2023
72,"Новороссийск, ул. Видова, 210В",776.2,2013,6,23,44.7211569,37.7648737,17.06.2023,17.06.2023
73,"Новороссийск, ул. Видова, 210Г",4591.3,2015,12,112,44.7211569,37.7648737,17.06.2023,17.06.2023
74,"Новороссийск, ул. Видова, 212",9659.2,2015,15,168,44.73892995,37.7245467,17.06.2023,17.06.2023
75,"Новороссийск, ул. Видова, 214",16993.1,2014,16,304,44.739553,37.72376975,17.06.2023,17.06.2023
76,"Новороссийск, ул. Видова, 220",16949.1,2015,16,272,44.7403147,37.7228506591683,17.06.2023,17.06.2023
77,"Новороссийск, ул. Видова, 56",8707.3,1990,9,144,44.72328305,37.7580335522271,17.06.2023,17.06.2023
78,"Новороссийск, ул. Видова, 58",9696.8,1988,9,144,44.7235598,37.7574739032006,17.06.2023,17.06.2023
79,"Новороссийск, ул. Видова, 65",11708.2,2006,9,144,44.72374185,37.76030135,17.06.2023,17.06.2023
80,"Новороссийск, ул. Видова, 67",3618.5,1971,6,69,44.7244261,37.7600116283823,17.06.2023,17.06.2023
81,"Новороссийск, ул. Видова, 67А",4734.8,1972,5,89,44.7250058,37.7592427,17.06.2023,17.06.2023
82,"Новороссийск, ул. Видова, 7",1139.6,1961,3,24,44.72071045,37.7661281304798,17.06.2023,17.06.2023
83,"Новороссийск, ул. Видова, 79",9495.1,0,9,180,44.7245249,37.7586516788575,17.06.2023,17.06.2023
84,"Новороссийск, ул. Видова, 7А",2138,1963,4,43,44.72037485,37.7667216247811,17.06.2023,17.06.2023
85,"Новороссийск, ул. Видова, 81А",3520,1974,5,67,44.72536995,37.7579497702628,17.06.2023,17.06.2023
86,"Новороссийск, ул. Видова, 83",4284.4,1981,9,72,44.7252018,37.7572915870212,17.06.2023,17.06.2023
87,"Новороссийск, ул. Видова, 85",4293.7,1981,9,71,44.72543665,37.75678075,17.06.2023,17.06.2023
88,"Новороссийск, ул. Видова, 87",4248.7,1981,9,72,44.7255685,37.7561822726771,17.06.2023,17.06.2023
89,"Новороссийск, ул. Волгоградская, 10",3484.8,1979,5,60,44.68853,37.7621874,17.06.2023,17.06.2023
90,"Новороссийск, ул. Волгоградская, 12",4381.3,1978,9,72,44.68777435,37.76271985,17.06.2023,17.06.2023
91,"Новороссийск, ул. Волгоградская, 14",4380.9,1978,9,72,44.68822935,37.7627333277699,17.06.2023,17.06.2023
92,"Новороссийск, ул. Волгоградская, 16",5154.91,1979,5,89,44.6877929,37.7634549,17.06.2023,17.06.2023
93,"Новороссийск, ул. Волгоградская, 18",3054.8,1979,5,60,44.68756535,37.763887,17.06.2023,17.06.2023
94,"Новороссийск, ул. Волгоградская, 2",6624.7,1982,9,108,44.6883712,37.7603958068735,17.06.2023,17.06.2023
95,"Новороссийск, ул. Волгоградская, 20",6497.1,1979,9,108,44.68708585,37.7644981978729,17.06.2023,17.06.2023
96,"Новороссийск, ул. Волгоградская, 22",3463,1979,5,60,44.6871691,37.76538235,17.06.2023,17.06.2023
97,"Новороссийск, ул. Волгоградская, 24",3459.1,1979,5,60,44.687013,37.76584945,17.06.2023,17.06.2023
98,"Новороссийск, ул. Волгоградская, 26",6517.8,1979,9,108,44.6864859,37.7663378,17.06.2023,17.06.2023
99,"Новороссийск, ул. Волгоградская, 26А",3412.4,1981,5,51,44.6870232,37.7666702,17.06.2023,17.06.2023
100,"Новороссийск, ул. Волгоградская, 28",3859.1,1980,9,72,44.6865387,37.76710505,17.06.2023,17.06.2023
101,"Новороссийск, ул. Волгоградская, 30",3860.7,1980,9,72,44.68612085,37.76749675,17.06.2023,17.06.2023
102,"Новороссийск, ул. Волгоградская, 32",4278.34,1980,9,72,44.68618885,37.7682113,17.06.2023,17.06.2023
103,"Новороссийск, ул. Волгоградская, 34/1",12269.4,1985,9,208,44.6877508,37.7616253,17.06.2023,17.06.2023
104,"Новороссийск, ул. Волгоградская, 36",6459.5,1985,9,161,44.68564215,37.7702823673641,17.06.2023,17.06.2023
105,"Новороссийск, ул. Волгоградская, 38",6783.7,1984,9,162,44.6854194,37.7711441576749,17.06.2023,17.06.2023
106,"Новороссийск, ул. Волгоградская, 4",4326.7,1978,8,72,44.68820185,37.7613102636751,17.06.2023,17.06.2023
107,"Новороссийск, ул. Волгоградская, 40",6450.4,1986,9,162,44.68521455,37.7719145397896,17.06.2023,17.06.2023
108,"Новороссийск, ул. Волгоградская, 42",5233.7,1985,10,162,44.68502645,37.7726214349883,17.06.2023,17.06.2023
109,"Новороссийск, ул. Волгоградская, 44",7083.3,1985,3,128,44.6846194,37.7733558,17.06.2023,17.06.2023
110,"Новороссийск, ул. Волгоградская, 48",3876,1984,9,72,44.68485305,37.77671545,17.06.2023,17.06.2023
111,"Новороссийск, ул. Волгоградская, 50",4247,1983,9,72,44.68490965,37.7774960208905,17.06.2023,17.06.2023
112,"Новороссийск, ул. Волгоградская, 52",4292.7,1983,9,72,44.68489365,37.7782724250292,17.06.2023,17.06.2023
113,"Новороссийск, ул. Волгоградская, 54",5971.3,1983,9,90,44.6849982,37.779285950692,17.06.2023,17.06.2023
114,"Новороссийск, ул. Волгоградская, 6",4302.4,1979,9,72,44.687961,37.7648777149912,17.06.2023,17.06.2023
115,"Новороссийск, ул. Волгоградская, 8",3852.5,1979,9,72,44.68797675,37.76200785,17.06.2023,17.06.2023
116,"Новороссийск, ул. Гайдара, 25",3073.7,1972,5,65,44.73140725,37.7372478,17.06.2023,17.06.2023
117,"Новороссийск, ул. Гайдара, 27",5127.4,1973,5,93,44.7317872,37.7373676,17.06.2023,17.06.2023
118,"Новороссийск, ул. Героев Десантников, 10",8058.5,1984,9,135,44.68687695,37.7780967212454,17.06.2023,17.06.2023
119,"Новороссийск, ул. Героев Десантников, 11",4572.5,1971,5,90,44.68881475,37.788315,17.06.2023,17.06.2023
120,"Новороссийск, ул. Героев Десантников, 12",6533.8,1983,9,108,44.6856613,37.7777767,17.06.2023,17.06.2023
121,"Новороссийск, ул. Героев Десантников, 14",8575.3,1984,9,141,44.6867676,37.7767662,17.06.2023,17.06.2023
122,"Новороссийск, ул. Героев Десантников, 15",2078.3,1981,9,36,44.6874863,37.78841715,17.06.2023,17.06.2023
123,"Новороссийск, ул. Героев Десантников, 17",2301.4,1972,9,36,44.68724355,37.7881633,17.06.2023,17.06.2023
124,"Новороссийск, ул. Героев Десантников, 18",9708,1986,10,130,44.6865424,37.7756631,17.06.2023,17.06.2023
125,"Новороссийск, ул. Героев Десантников, 19",3206.5,1971,5,60,44.6871042,37.7875624,17.06.2023,17.06.2023
126,"Новороссийск, ул. Героев Десантников, 20",4293.2,1984,9,70,44.6863045,37.7744827,17.06.2023,17.06.2023
127,"Новороссийск, ул. Героев Десантников, 21",4798.71,1971,5,90,44.68729025,37.7866166503362,17.06.2023,17.06.2023
128,"Новороссийск, ул. Героев Десантников, 22",5173.8,1985,9,66,44.68606445,37.7738585466804,17.06.2023,17.06.2023
129,"Новороссийск, ул. Героев Десантников, 23",4996.41,1970,5,90,44.6873627,37.785183,17.06.2023,17.06.2023
130,"Новороссийск, ул. Героев Десантников, 24",7607.6,1984,9,143,44.68663325,37.7732412433791,17.06.2023,17.06.2023
131,"Новороссийск, ул. Героев Десантников, 25",2272.5,1972,9,35,44.6876196,37.7858783764247,17.06.2023,17.06.2023
132,"Новороссийск, ул. Героев Десантников, 27",4605.4,1973,5,90,44.687835,37.7851865,17.06.2023,17.06.2023
133,"Новороссийск, ул. Героев Десантников, 28",3011.3,1985,5,60,44.68619555,37.7717299768373,17.06.2023,17.06.2023
134,"Новороссийск, ул. Героев Десантников, 3",2421.3,1975,9,36,44.68818515,37.7896480046348,17.06.2023,17.06.2023
135,"Новороссийск, ул. Героев Десантников, 30",4188.7,1984,9,72,44.68677005,37.7718431030578,17.06.2023,17.06.2023
136,"Новороссийск, ул. Героев Десантников, 31",4759.8,1967,5,90,44.6879906,37.7835991,17.06.2023,17.06.2023
137,"Новороссийск, ул. Героев Десантников, 32",3055,1986,5,60,44.68634035,37.7712048231627,17.06.2023,17.06.2023
138,"Новороссийск, ул. Героев Десантников, 33",3390.2,1972,5,59,44.6886909,37.7839024495593,17.06.2023,17.06.2023
139,"Новороссийск, ул. Героев Десантников, 33А",2349.8,1981,9,36,44.6892022,37.7834112,17.06.2023,17.06.2023
140,"Новороссийск, ул. Героев Десантников, 34",4113.1,1985,9,72,44.68722095,37.7712658060128,17.06.2023,17.06.2023
141,"Новороссийск, ул. Героев Десантников, 35",4764.9,1969,5,90,44.68808655,37.7829876,17.06.2023,17.06.2023
142,"Новороссийск, ул. Героев Десантников, 35А",2332.2,1978,9,36,44.68886705,37.78300105,17.06.2023,17.06.2023
143,"Новороссийск, ул. Героев Десантников, 36",3576.4,1987,5,60,44.68648115,37.77066275,17.06.2023,17.06.2023
144,"Новороссийск, ул. Героев Десантников, 37",3213.4,1970,5,59,44.68763125,37.7823975,17.06.2023,17.06.2023
145,"Новороссийск, ул. Героев Десантников, 38",4253.7,1984,9,72,44.6871655,37.7703673003119,17.06.2023,17.06.2023
146,"Новороссийск, ул. Героев Десантников, 39",3239.6,1974,5,55,44.6877404,37.7813816,17.06.2023,17.06.2023
147,"Новороссийск, ул. Героев Десантников, 39А",5059.3,1975,5,96,44.68817915,37.78193985,17.06.2023,17.06.2023
148,"Новороссийск, ул. Героев Десантников, 47",4529.8,1979,6,158,44.6886512,37.777218,17.06.2023,17.06.2023
149,"Новороссийск, ул. Героев Десантников, 49",4434.3,1981,9,72,44.6877539,37.77737375,17.06.2023,17.06.2023
150,"Новороссийск, ул. Героев Десантников, 5",2292.9,1975,9,36,44.6884178,37.7896684650297,17.06.2023,17.06.2023
151,"Новороссийск, ул. Героев Десантников, 51",3443.8,1980,5,60,44.688805,37.7766959478421,17.06.2023,17.06.2023
152,"Новороссийск, ул. Героев Десантников, 53",3371.7,1980,5,48,44.68755115,37.77644985,17.06.2023,17.06.2023
153,"Новороссийск, ул. Героев Десантников, 55",4387.6,1980,9,72,44.68872965,37.77565335,17.06.2023,17.06.2023
154,"Новороссийск, ул. Героев Десантников, 55А",3598.1,1989,9,50,44.68863595,37.7750974387707,17.06.2023,17.06.2023
155,"Новороссийск, ул. Героев Десантников, 57",4332.1,1980,9,72,44.68759295,37.77557275,17.06.2023,17.06.2023
156,"Новороссийск, ул. Героев Десантников, 59",4505.2,1979,5,119,44.68794155,37.77511045,17.06.2023,17.06.2023
157,"Новороссийск, ул. Героев Десантников, 61",3389.1,1980,5,48,44.68771265,37.7782953864028,17.06.2023,17.06.2023
158,"Новороссийск, ул. Героев Десантников, 61А",6473.61,1983,9,108,44.689598,37.7740226,17.06.2023,17.06.2023
159,"Новороссийск, ул. Героев Десантников, 69",3439.9,1986,5,60,44.6881243,37.77358865,17.06.2023,17.06.2023
160,"Новороссийск, ул. Героев Десантников, 7",3317.9,1972,5,48,44.68768795,37.7892081,17.06.2023,17.06.2023
161,"Новороссийск, ул. Героев Десантников, 71",4285,1986,9,72,44.6886075,37.7741112175417,17.06.2023,17.06.2023
162,"Новороссийск, ул. Героев Десантников, 73",5160.9,1988,5,90,44.68805375,37.7744832246217,17.06.2023,17.06.2023
163,"Новороссийск, ул. Героев Десантников, 73А",4425.3,1987,9,72,44.68749765,37.7742608377963,17.06.2023,17.06.2023
164,"Новороссийск, ул. Героев Десантников, 75",2557.4,1987,9,34,44.6872804,37.7737144525677,17.06.2023,17.06.2023
165,"Новороссийск, ул. Героев Десантников, 79",4627.1,1984,9,64,44.687464,37.7732756,17.06.2023,17.06.2023
166,"Новороссийск, ул. Героев Десантников, 81",4757.2,1984,9,64,44.6876508,37.772415,17.06.2023,17.06.2023
167,"Новороссийск, ул. Героев Десантников, 83",4475.1,1985,9,64,44.6877732,37.77162835,17.06.2023,17.06.2023
168,"Новороссийск, ул. Героев Десантников, 85",4117.2,1985,5,130,44.688465,37.77170585,17.06.2023,17.06.2023
169,"Новороссийск, ул. Героев Десантников, 87",5077.2,1986,9,67,44.68889995,37.7713807072481,17.06.2023,17.06.2023
170,"Новороссийск, ул. Героев Десантников, 89",4266.5,1985,9,64,44.68826875,37.77078575,17.06.2023,17.06.2023
171,"Новороссийск, ул. Героев Десантников, 9",2125.1,1973,5,101,44.6879727,37.7885986,17.06.2023,17.06.2023
172,"Новороссийск, ул. Героев Десантников, 91",2328,1986,9,33,44.68792565,37.770983110003,17.06.2023,17.06.2023
173,"Новороссийск, ул. Героев Десантников, 95",5316.9,1982,9,171,44.68882175,37.7702118710562,17.06.2023,17.06.2023
174,"Новороссийск, ул. Героев Десантников, 97",4287.3,1982,9,72,44.68831595,37.76975435,17.06.2023,17.06.2023
175,"Новороссийск, ул. Гладкова, 18",1286.5,0,1,0,44.7190772,37.7639079,17.06.2023,17.06.2023
176,"Новороссийск, ул. Григорьева, 10",13822.2,2018,16,192,44.67130825,37.7802488,17.06.2023,17.06.2023
177,"Новороссийск, ул. Дзержинского, 120",1916.3,0,5,0,44.69791695,37.7794223865505,17.06.2023,17.06.2023
178,"Новороссийск, ул. Дзержинского, 126",4667.1,1988,9,72,44.69726145,37.7794599563009,17.06.2023,17.06.2023
179,"Новороссийск, ул. Дзержинского, 128",4538.5,1988,9,72,44.70093865,37.7788163864861,17.06.2023,17.06.2023
180,"Новороссийск, ул. Дзержинского, 130",4455.8,1988,9,72,44.6969505,37.7795516117334,17.06.2023,17.06.2023
181,"Новороссийск, ул. Дзержинского, 132",4297.7,1988,9,72,44.70040335,37.7795064936357,17.06.2023,17.06.2023
182,"Новороссийск, ул. Дзержинского, 134",4299.7,1988,9,72,44.696658,37.7797672550313,17.06.2023,17.06.2023
183,"Новороссийск, ул. Дзержинского, 136",4353.7,1988,9,72,44.69650105,37.7796766,17.06.2023,17.06.2023
184,"Новороссийск, ул. Дзержинского, 138",4301.3,1987,9,72,44.6963241,37.7797814551291,17.06.2023,17.06.2023
185,"Новороссийск, ул. Дзержинского, 140",4291.3,1988,9,72,44.6984452,37.7791751,17.06.2023,17.06.2023
186,"Новороссийск, ул. Дзержинского, 150",4773.6,1994,10,80,44.694137,37.7813523148935,17.06.2023,17.06.2023
187,"Новороссийск, ул. Дзержинского, 152",4785.9,1992,10,80,44.69435165,37.780901493317,17.06.2023,17.06.2023
188,"Новороссийск, ул. Дзержинского, 154",5226.1,1993,10,76,44.6941112,37.780534,17.06.2023,17.06.2023
189,"Новороссийск, ул. Дзержинского, 156",2604.7,1994,10,38,44.6937262,37.7808414,17.06.2023,17.06.2023
190,"Новороссийск, ул. Днестровская, 2",3876.1,1966,5,88,44.7309742,37.74148435,17.06.2023,17.06.2023
191,"Новороссийск, ул. Днестровская, 4",3570.5,1967,5,80,44.7306706,37.74108035,17.06.2023,17.06.2023
192,"Новороссийск, ул. Жуковского, 11",452.4,0,2,0,44.7361128,37.777415229975,17.06.2023,17.06.2023
193,"Новороссийск, ул. Золотаревского, 10",3885.5,1980,9,0,44.6881943,37.767128,17.06.2023,17.06.2023
194,"Новороссийск, ул. Золотаревского, 12",4752.8,1981,9,72,44.6881722,37.76778275,17.06.2023,17.06.2023
195,"Новороссийск, ул. Золотаревского, 2",4310.82,1987,9,72,44.689228,37.763464,17.06.2023,17.06.2023
196,"Новороссийск, ул. Золотаревского, 2А",6208,1986,9,108,44.6887641,37.7639291,17.06.2023,17.06.2023
197,"Новороссийск, ул. Золотаревского, 4",5305.2,1980,5,88,44.68983135,37.76270855,17.06.2023,17.06.2023
198,"Новороссийск, ул. Золотаревского, 8",4487.9,1981,9,72,44.68821275,37.7665138,17.06.2023,17.06.2023
199,"Новороссийск, ул. Золотаревского, 8А",11259,2019,18,200,44.68865565,37.7657730172589,17.06.2023,17.06.2023
200,"Новороссийск, ул. Индустриальная, 5",436.3,1958,2,8,44.7294501,37.7502695622674,17.06.2023,17.06.2023
201,"Новороссийск, ул. Индустриальная, 6",550.7,1960,2,16,44.72907665,37.7507398,17.06.2023,17.06.2023
202,"Новороссийск, ул. Исаева, 1",27590.6,0,18,104,44.70816635,37.7864589231555,17.06.2023,17.06.2023
203,"Новороссийск, ул. Исаева, 13",2033.9,1961,4,43,44.70708215,37.784918119369,17.06.2023,17.06.2023
204,"Новороссийск, ул. Исаева, 23",382.7,1953,2,8,44.7055477,37.7825612,17.06.2023,17.06.2023
205,"Новороссийск, ул. Исаева, 25",540.2,0,2,0,44.70529375,37.7821665599784,17.06.2023,17.06.2023
206,"Новороссийск, ул. Исаева, 38",392.6,1953,2,8,44.7055766,37.7832931619511,17.06.2023,17.06.2023
207,"Новороссийск, ул. Исаева, 4",16869.4,1984,10,130,44.7076201,37.7869008698902,17.06.2023,17.06.2023
208,"Новороссийск, ул. Исаева, 40",374.6,0,2,0,44.7052741,37.78285575,17.06.2023,17.06.2023
209,"Новороссийск, ул. Исаева, 6",16912.8,1988,9,188,44.706052,37.784359,17.06.2023,17.06.2023
210,"Новороссийск, ул. Исаева, 8",933.6,0,4,0,44.70634795,37.7852803360357,17.06.2023,17.06.2023
211,"Новороссийск, ул. Карамзина, 53",8389.5,1986,9,144,44.695195,37.7829421311289,17.06.2023,17.06.2023
212,"Новороссийск, ул. Козлова, 72",23408.8,2014,16,278,44.7275021,37.7544607626176,17.06.2023,17.06.2023
213,"Новороссийск, ул. Конституции, 22",4462.1,2011,8,28,44.71641585,37.7717789337408,17.06.2023,17.06.2023
214,"Новороссийск, ул. Корницкого, 24",2337.6,1974,9,34,44.70290765,37.78289945,17.06.2023,17.06.2023
215,"Новороссийск, ул. Куникова, 1",11695,2021,17,150,44.6940582,37.7870818,17.06.2023,17.06.2023
216,"Новороссийск, ул. Куникова, 102",2975.53,1978,9,107,44.6918603,37.7629888554806,17.06.2023,17.06.2023
217,"Новороссийск, ул. Куникова, 104",5474.52,1984,9,171,44.69198225,37.7621063469192,17.06.2023,17.06.2023
218,"Новороссийск, ул. Куникова, 11",9979.8,1993,10,150,44.694299,37.7828113877185,17.06.2023,17.06.2023
219,"Новороссийск, ул. Куникова, 19",8428.1,1986,9,144,44.69414505,37.7820265372692,17.06.2023,17.06.2023
220,"Новороссийск, ул. Куникова, 20А",11125.1,2017,17,139,44.6930538,37.783030374837,17.06.2023,17.06.2023
221,"Новороссийск, ул. Куникова, 21",4015.3,2004,10,64,44.693695,37.781452,17.06.2023,17.06.2023
222,"Новороссийск, ул. Куникова, 3",528,1958,2,16,44.69435295,37.7864417659074,17.06.2023,17.06.2023
223,"Новороссийск, ул. Куникова, 34",6274.2,0,9,0,44.6923893,37.7787511,17.06.2023,17.06.2023
224,"Новороссийск, ул. Куникова, 36",6871.7,1977,5,119,44.6923016,37.7768219,17.06.2023,17.06.2023
225,"Новороссийск, ул. Куникова, 38",5177.2,1978,5,90,44.6917794,37.777428,17.06.2023,17.06.2023
226,"Новороссийск, ул. Куникова, 40",3414.3,1978,5,60,44.6913623,37.77695215,17.06.2023,17.06.2023
227,"Новороссийск, ул. Куникова, 42",4729.2,1977,5,90,44.6914599,37.7763855,17.06.2023,17.06.2023
228,"Новороссийск, ул. Куникова, 44",4283.2,1979,9,72,44.690917,37.7759265,17.06.2023,17.06.2023
229,"Новороссийск, ул. Куникова, 46",5157.2,1978,5,89,44.6913799,37.7754696,17.06.2023,17.06.2023
230,"Новороссийск, ул. Куникова, 48",2918.57,1981,9,34,44.69204385,37.775512579206,17.06.2023,17.06.2023
231,"Новороссийск, ул. Куникова, 5",12162.8,2020,17,142,44.6948281,37.7865701258121,17.06.2023,17.06.2023
232,"Новороссийск, ул. Куникова, 50",4104.2,1978,5,90,44.69131725,37.7749395,17.06.2023,17.06.2023
233,"Новороссийск, ул. Куникова, 50А",5293.2,1982,9,170,44.69051695,37.7751182875972,17.06.2023,17.06.2023
234,"Новороссийск, ул. Куникова, 52",6533.5,1981,9,108,44.6919233,37.7748876,17.06.2023,17.06.2023
235,"Новороссийск, ул. Куникова, 52А",2418.7,0,10,0,44.6908708,37.7739899000954,17.06.2023,17.06.2023
236,"Новороссийск, ул. Куникова, 54",3878,1981,5,60,44.69176965,37.7725994542445,17.06.2023,17.06.2023
237,"Новороссийск, ул. Куникова, 58",3784.75,1982,5,120,44.69109675,37.77266875,17.06.2023,17.06.2023
238,"Новороссийск, ул. Куникова, 58А",3887.7,1983,5,120,44.69114625,37.773207,17.06.2023,17.06.2023
239,"Новороссийск, ул. Куникова, 60",4598.4,1983,5,133,44.691059,37.7721095,17.06.2023,17.06.2023
240,"Новороссийск, ул. Куникова, 60А",4186.1,1983,9,64,44.6905528,37.7716233,17.06.2023,17.06.2023
241,"Новороссийск, ул. Куникова, 62",3963.81,1982,5,120,44.6910029,37.7711871245667,17.06.2023,17.06.2023
242,"Новороссийск, ул. Куникова, 62А",2630,1984,9,34,44.69156275,37.7712187641875,17.06.2023,17.06.2023
243,"Новороссийск, ул. Куникова, 64",5234.4,1980,5,89,44.69086405,37.770627,17.06.2023,17.06.2023
244,"Новороссийск, ул. Куникова, 64А",4789.3,1981,5,90,44.6897007,37.77083015,17.06.2023,17.06.2023
245,"Новороссийск, ул. Куникова, 66",5870.8,1980,9,108,44.69136865,37.7699065117592,17.06.2023,17.06.2023
246,"Новороссийск, ул. Куникова, 9",12335.9,1991,9,170,44.6941609,37.7845037,17.06.2023,17.06.2023
247,"Новороссийск, ул. Куникова, 92",3698.65,1977,9,154,44.6912311,37.7649505759275,17.06.2023,17.06.2023
248,"Новороссийск, ул. Куникова, 92А",4094.63,0,5,0,44.6898734,37.7649075,17.06.2023,17.06.2023
249,"Новороссийск, ул. Куникова, 92Б",1070.7,1980,5,60,44.6900744,37.76426795,17.06.2023,17.06.2023
250,"Новороссийск, ул. Куникова, 94",2019.6,1978,9,117,44.6915598,37.7639609554806,17.06.2023,17.06.2023
251,"Новороссийск, ул. Леднева, 8",3271.6,1960,5,80,44.7235405,37.7734944,17.06.2023,17.06.2023
252,"Новороссийск, ул. Леженина, 90",4045.7,1965,5,109,44.70199265,37.7827326735292,17.06.2023,17.06.2023
253,"Новороссийск, ул. Лермонтова, 10",174,1901,2,9,44.73868685,37.77994635,17.06.2023,17.06.2023
254,"Новороссийск, ул. Лермонтова, 8",168.6,1917,2,9,44.73859495,37.7802093417447,17.06.2023,17.06.2023
255,"Новороссийск, ул. Малоземельская, 10",174.8,1981,9,34,44.6876391,37.7677845070715,17.06.2023,17.06.2023
256,"Новороссийск, ул. Малоземельская, 11",3428.9,1987,5,60,44.6894844,37.7695489962964,17.06.2023,17.06.2023
257,"Новороссийск, ул. Малоземельская, 13",3427.8,1984,5,60,44.6895238,37.7700928755542,17.06.2023,17.06.2023
258,"Новороссийск, ул. Малоземельская, 14",3881.38,1982,9,72,44.6892317,37.76652335,17.06.2023,17.06.2023
259,"Новороссийск, ул. Малоземельская, 14А",22664.1,2013,16,262,44.68900055,37.7677713625529,17.06.2023,17.06.2023
260,"Новороссийск, ул. Малоземельская, 15",9186.82,1985,9,128,44.6902546,37.7684348259422,17.06.2023,17.06.2023
261,"Новороссийск, ул. Малоземельская, 19",2407.3,1987,9,33,44.6910284,37.7683801,17.06.2023,17.06.2023
262,"Новороссийск, ул. Малоземельская, 21",2307.7,1986,9,33,44.6912289,37.7686203,17.06.2023,17.06.2023
263,"Новороссийск, ул. Малоземельская, 23",2387.9,1986,9,33,44.69143365,37.7688417,17.06.2023,17.06.2023
264,"Новороссийск, ул. Малоземельская, 3",10684.1,1985,9,209,44.6869598,37.7692619,17.06.2023,17.06.2023
265,"Новороссийск, ул. Малоземельская, 4",3043.5,1981,9,32,44.6866613,37.7681503,17.06.2023,17.06.2023
266,"Новороссийск, ул. Малоземельская, 5",9222.5,1990,9,116,44.6877061,37.7692432,17.06.2023,17.06.2023
267,"Новороссийск, ул. Малоземельская, 6",1287.2,1981,9,34,44.68687755,37.7679586558037,17.06.2023,17.06.2023
268,"Новороссийск, ул. Малоземельская, 7",2282.5,1988,9,36,44.68857385,37.7692215,17.06.2023,17.06.2023
269,"Новороссийск, ул. Малоземельская, 8",2192.2,1984,9,32,44.68744855,37.7679542599752,17.06.2023,17.06.2023
270,"Новороссийск, ул. Малоземельская, 9",10295.6,1981,9,180,44.6891782,37.76885265,17.06.2023,17.06.2023
271,"Новороссийск, ул. Маркова, 5",449.6,1958,2,8,44.74816265,37.7534719,17.06.2023,17.06.2023
272,"Новороссийск, ул. Менжинского, 20/22",568.4,1960,2,16,44.7420538,37.7700110165678,17.06.2023,17.06.2023
273,"Новороссийск, ул. Мефодиевская, 110",7070.5,1993,10,116,44.7448421,37.7644269,17.06.2023,17.06.2023
274,"Новороссийск, ул. Мира, 10",4903.64,1932,4,68,44.7189282,37.7806726,17.06.2023,17.06.2023
275,"Новороссийск, ул. Мира, 10А",960.3,1999,4,12,44.7288316,37.7666267,17.06.2023,17.06.2023
276,"Новороссийск, ул. Мира, 12",3330.8,1948,4,44,44.71869865,37.7810561141315,17.06.2023,17.06.2023
277,"Новороссийск, ул. Мира, 14/4",3581.3,1957,5,49,44.7288316,37.7666267,17.06.2023,17.06.2023
278,"Новороссийск, ул. Мира, 15",1005.6,1950,3,15,44.6857362,37.756353164569,17.06.2023,17.06.2023
279,"Новороссийск, ул. Мира, 16/18",4128.7,2007,9,35,44.7288316,37.7666267,17.06.2023,17.06.2023
280,"Новороссийск, ул. Мира, 19",2322.9,1958,4,64,44.7220758,37.7763264245346,17.06.2023,17.06.2023
281,"Новороссийск, ул. Мира, 20/22",2737.1,1958,4,47,44.7288316,37.7666267,17.06.2023,17.06.2023
282,"Новороссийск, ул. Мира, 24",16122.3,2008,12,116,44.71667925,37.7834012009586,17.06.2023,17.06.2023
283,"Новороссийск, ул. Мира, 25",1228.6,0,3,0,44.7199207,37.7788682177235,17.06.2023,17.06.2023
284,"Новороссийск, ул. Мира, 29",2218.6,1940,5,35,44.7842575,37.70307325,17.06.2023,17.06.2023
285,"Новороссийск, ул. Мира, 37",5429,1978,5,90,44.71753415,37.78177025,17.06.2023,17.06.2023
286,"Новороссийск, ул. Мира, 45",4244,1962,5,56,44.7170139,37.7823978,17.06.2023,17.06.2023
287,"Новороссийск, ул. Мира, 47",3323.8,1991,9,71,44.7166308,37.7827328077488,17.06.2023,17.06.2023
288,"Новороссийск, ул. Мира, 49",1517.4,1958,4,25,44.71636,37.7831841,17.06.2023,17.06.2023
289,"Новороссийск, ул. Михайлова, 16А",390.7,0,2,0,44.7388426,37.7695362,17.06.2023,17.06.2023
290,"Новороссийск, ул. Молодежная, 10",5010.9,1994,10,79,44.6815109,37.78800355,17.06.2023,17.06.2023
291,"Новороссийск, ул. Молодежная, 12",4031.1,0,10,0,44.6818866,37.7872796,17.06.2023,17.06.2023
292,"Новороссийск, ул. Молодежная, 14",4468.5,2004,7,48,44.682227,37.78692365,17.06.2023,17.06.2023
293,"Новороссийск, ул. Молодежная, 16",6569.5,2007,9,107,44.68261435,37.78796535,17.06.2023,17.06.2023
294,"Новороссийск, ул. Молодежная, 18",6263,2003,10,78,44.68199225,37.78819025,17.06.2023,17.06.2023
295,"Новороссийск, ул. Молодежная, 20",4661.36,1996,10,79,44.68231885,37.7896055,17.06.2023,17.06.2023
296,"Новороссийск, ул. Молодежная, 22",5893.7,1994,10,80,44.68268615,37.7892205098458,17.06.2023,17.06.2023
297,"Новороссийск, ул. Молодежная, 24",4638.8,1998,10,80,44.6822469,37.78884755,17.06.2023,17.06.2023
298,"Новороссийск, ул. Молодежная, 26",5096.7,0,10,0,44.6806075,37.7865943,17.06.2023,17.06.2023
299,"Новороссийск, ул. Молодежная, 28",10764,1996,10,187,44.6836168,37.7876400695736,17.06.2023,17.06.2023
300,"Новороссийск, ул. Молодежная, 28А",1594.7,2005,6,11,44.6837281,37.7872986,17.06.2023,17.06.2023
301,"Новороссийск, ул. Молодежная, 30",4258,1995,10,80,44.68296665,37.7878015,17.06.2023,17.06.2023
302,"Новороссийск, ул. Молодежная, 4",10563.2,1992,9,136,44.68145255,37.789651385229,17.06.2023,17.06.2023
303,"Новороссийск, ул. Молодежная, 4А",2585.1,2004,10,17,44.6818455,37.78971395,17.06.2023,17.06.2023
304,"Новороссийск, ул. Молодежная, 6",4199.6,1993,9,72,44.6810801,37.7885811695084,17.06.2023,17.06.2023
305,"Новороссийск, ул. Молодежная, 8",9636.8,1993,9,161,44.681077,37.78704,17.06.2023,17.06.2023
306,"Новороссийск, ул. Молодежная, 8А",756.6,1996,6,5,44.74054,37.7027406,17.06.2023,17.06.2023
307,"Новороссийск, ул. Мурата Ахеджака, 17",33486.4,2021,16,492,44.6718511,37.7888138367844,17.06.2023,17.06.2023
308,"Новороссийск, ул. Мурата Ахеджака, 18",18155.2,2021,10,0,44.6733329,37.7903096954927,17.06.2023,17.06.2023
309,"Новороссийск, ул. Мурата Ахеджака, 21",18478,2019,16,224,44.672315,37.790435,17.06.2023,17.06.2023
310,"Новороссийск, ул. Мурата Ахеджака, 22",22053.7,2015,16,352,44.67354455,37.792156,17.06.2023,17.06.2023
311,"Новороссийск, ул. Мурата Ахеджака, 24",21918.7,2015,16,352,44.6739003,37.7929795,17.06.2023,17.06.2023
312,"Новороссийск, ул. Мурата Ахеджака, 4",10200.1,2013,10,139,44.6734254,37.7815425,17.06.2023,17.06.2023
313,"Новороссийск, ул. Мурата Ахеджака, 6",27694.8,2014,17,368,44.67327835,37.7826690034916,17.06.2023,17.06.2023
314,"Новороссийск, ул. Октябрьская, 20А",199.5,1918,2,7,44.7145509,37.7689407,17.06.2023,17.06.2023
315,"Новороссийск, ул. Парк Б, 27",859.1,1912,2,27,44.7393894,37.7604736368004,17.06.2023,17.06.2023
316,"Новороссийск, ул. Парк Б, 29",302,1917,1,12,44.73888425,37.7613135845806,17.06.2023,17.06.2023
317,"Новороссийск, ул. Парк Б, 3",282.3,1954,1,18,44.7406331,37.7633198,17.06.2023,17.06.2023
318,"Новороссийск, ул. Пенайская, 14",488.9,1941,2,8,44.72333805,37.8294057206833,17.06.2023,17.06.2023
319,"Новороссийск, ул. Пенайская, 7",560.2,1947,2,12,44.724174,37.829148182984,17.06.2023,17.06.2023
320,"Новороссийск, ул. Пионерская, 12",2390,1997,10,40,44.67900885,37.7867896266866,17.06.2023,17.06.2023
321,"Новороссийск, ул. Пионерская, 14",3286.5,2018,9,54,44.67906625,37.7865451956953,17.06.2023,17.06.2023
322,"Новороссийск, ул. Пионерская, 15",6297.3,1996,10,110,44.6797687,37.7858621132057,17.06.2023,17.06.2023
323,"Новороссийск, ул. Пионерская, 17",8511.3,1994,10,150,44.679331,37.7854568385434,17.06.2023,17.06.2023
324,"Новороссийск, ул. Пионерская, 18",9254.7,2014,16,112,44.67491615,37.78691792555,17.06.2023,17.06.2023
325,"Новороссийск, ул. Пионерская, 19",2607.6,1994,11,39,44.6793874,37.7843388495193,17.06.2023,17.06.2023
326,"Новороссийск, ул. Пионерская, 21",3102.8,2007,11,74,44.678991,37.783892,17.06.2023,17.06.2023
327,"Новороссийск, ул. Пионерская, 21А",2435.2,2007,1,23,44.6783865,37.7836902,17.06.2023,17.06.2023
328,"Новороссийск, ул. Пионерская, 21Б",4770.7,2007,10,80,44.6787816,37.7862699,17.06.2023,17.06.2023
329,"Новороссийск, ул. Пионерская, 23",16014.3,2010,10,162,44.67846665,37.7849429975646,17.06.2023,17.06.2023
330,"Новороссийск, ул. Пионерская, 23А",9928.5,2013,19,108,44.6780202,37.7859965,17.06.2023,17.06.2023
331,"Новороссийск, ул. Пионерская, 25",8710.7,2000,10,149,44.6777367,37.7859931,17.06.2023,17.06.2023
332,"Новороссийск, ул. Пионерская, 27",5148.6,2001,10,0,44.6778204,37.7844642993733,17.06.2023,17.06.2023
333,"Новороссийск, ул. Пионерская, 33",9029.5,2007,9,108,44.6771954,37.784973,17.06.2023,17.06.2023
334,"Новороссийск, ул. Пионерская, 37",3153.5,1994,5,60,44.67719845,37.78591715,17.06.2023,17.06.2023
335,"Новороссийск, ул. Пионерская, 39",9605.3,2006,9,104,44.67779695,37.7837256515827,17.06.2023,17.06.2023
336,"Новороссийск, ул. Пионерская, 43",9010.6,2012,17,105,44.67575705,37.7858805870857,17.06.2023,17.06.2023
337,"Новороссийск, ул. Пионерская, 45",9440.4,2014,16,105,44.67537935,37.7858653,17.06.2023,17.06.2023
338,"Новороссийск, ул. Пионерская, 8",7713.4,2014,10,104,44.6840698,37.7873918,17.06.2023,17.06.2023
339,"Новороссийск, ул. Пионерская, 9",10383.9,2014,16,160,44.68185115,37.7856249478398,17.06.2023,17.06.2023
340,"Новороссийск, ул. Победы, 20",1534.2,0,3,0,44.7194077,37.7715549917355,17.06.2023,17.06.2023
341,"Новороссийск, ул. Прямая, 33",5192.7,1978,5,173,44.69624795,37.7772835403087,17.06.2023,17.06.2023
342,"Новороссийск, ул. Свердлова, 16Б",3905.6,1976,5,48,44.70575425,37.786921251582,17.06.2023,17.06.2023
343,"Новороссийск, ул. Свободы, 3/5",2665.2,0,4,50,44.7222598,37.7731855310541,17.06.2023,17.06.2023
344,"Новороссийск, ул. Свободы, 40",233.7,1917,1,6,44.75290145,37.7295549057598,17.06.2023,17.06.2023
345,"Новороссийск, ул. Свободы, 9/11",3427.7,0,4,59,44.72057705,37.77050615,17.06.2023,17.06.2023
346,"Новороссийск, ул. Советов, 10",3408.2,1962,5,64,44.7249307,37.7663896,17.06.2023,17.06.2023
347,"Новороссийск, ул. Советов, 11",2934.1,1957,4,24,44.7227065,37.7690866,17.06.2023,17.06.2023
348,"Новороссийск, ул. Советов, 12",2320.9,1958,4,32,44.72454855,37.767273731516,17.06.2023,17.06.2023
349,"Новороссийск, ул. Советов, 13",4715.9,1964,5,78,44.7221358,37.770203,17.06.2023,17.06.2023
350,"Новороссийск, ул. Советов, 16",3379.7,1961,5,80,44.7248914,37.7692637,17.06.2023,17.06.2023
351,"Новороссийск, ул. Советов, 2",6427.1,1965,5,160,44.7148884,37.7804798,17.06.2023,17.06.2023
352,"Новороссийск, ул. Советов, 2/6",7062.5,1965,5,160,44.72600785,37.76542262015,17.06.2023,17.06.2023
353,"Новороссийск, ул. Советов, 20",3485.2,1962,5,80,44.7244446,37.7702574,17.06.2023,17.06.2023
354,"Новороссийск, ул. Советов, 21",3594.6,1959,5,47,44.72033185,37.77266485,17.06.2023,17.06.2023
355,"Новороссийск, ул. Советов, 22",5658.2,1953,3,16,44.72376085,37.7699937781885,17.06.2023,17.06.2023
356,"Новороссийск, ул. Советов, 23",6300.7,1995,5,68,44.71978275,37.7731819211577,17.06.2023,17.06.2023
357,"Новороссийск, ул. Советов, 24",1207.7,1953,3,17,44.72301995,37.7704828709725,17.06.2023,17.06.2023
358,"Новороссийск, ул. Советов, 26",3853.3,1954,4,53,44.72271785,37.7711499648408,17.06.2023,17.06.2023
359,"Новороссийск, ул. Советов, 34",1639.9,1940,4,16,44.7217601,37.7731037482544,17.06.2023,17.06.2023
360,"Новороссийск, ул. Советов, 34А",688.3,1940,4,18,44.7255412,37.7646757,17.06.2023,17.06.2023
361,"Новороссийск, ул. Советов, 52",1635.6,0,4,0,44.7175426,37.7778587,17.06.2023,17.06.2023
362,"Новороссийск, ул. Советов, 58",6339.2,1956,6,79,44.7166865,37.7788984,17.06.2023,17.06.2023
363,"Новороссийск, ул. Советов, 60",1789.7,1930,5,0,44.71625785,37.7796537746186,17.06.2023,17.06.2023
364,"Новороссийск, ул. Советов, 62",2467.6,1930,4,37,44.71581905,37.7799166936159,17.06.2023,17.06.2023
365,"Новороссийск, ул. Советов, 64",1736.4,0,5,0,44.7157451,37.7810115,17.06.2023,17.06.2023
366,"Новороссийск, ул. Советов, 66",3983.7,1950,5,40,44.7149472,37.7809498,17.06.2023,17.06.2023
367,"Новороссийск, ул. Советов, 68",4939.8,1958,5,67,44.71450335,37.7820491507739,17.06.2023,17.06.2023
368,"Новороссийск, ул. Советов, 7",3201.1,1955,4,24,44.72341275,37.7674857500206,17.06.2023,17.06.2023
369,"Новороссийск, ул. Советов, 70",538.3,1934,3,12,44.7141437,37.78207795,17.06.2023,17.06.2023
370,"Новороссийск, ул. Советов, 72",361,1917,2,14,44.7138678,37.7822062,17.06.2023,17.06.2023
371,"Новороссийск, ул. Советов, 74",1195.8,1934,3,20,44.7133375,37.7827842,17.06.2023,17.06.2023
372,"Новороссийск, ул. Суворовская, 2А",3582.44,1966,5,80,44.70535775,37.7873235454111,17.06.2023,17.06.2023
373,"Новороссийск, ул. Суворовская, 6",426.5,1953,2,8,44.70431545,37.7864862,17.06.2023,17.06.2023
374,"Новороссийск, ул. Суворовская, 8",415,1952,2,8,44.70396695,37.7864263,17.06.2023,17.06.2023
375,"Новороссийск, ул. Суджукская, 80",652.4,0,4,0,44.6803934,37.76527775,17.06.2023,17.06.2023
376,"Новороссийск, ул. Тихоступа, 17",531.2,1971,2,10,44.7372813,37.78168065,17.06.2023,17.06.2023
377,"Новороссийск, ул. Тихоступа, 7",195.2,1886,1,7,44.7366023,37.7835787952028,17.06.2023,17.06.2023
378,"Новороссийск, ул. Хворостянского, 13",4815,1994,10,80,44.68032155,37.7826388,17.06.2023,17.06.2023
379,"Новороссийск, ул. Цедрика, 4",1589.1,1960,5,37,44.7147865,37.783115186339,17.06.2023,17.06.2023
380,"Новороссийск, ул. Черняховского, 10/12",1905.6,1959,3,24,44.7010339,37.784880743642,17.06.2023,17.06.2023
381,"Новороссийск, ул. Черняховского, 17",8295.5,2013,17,78,44.7016352,37.7822118230822,17.06.2023,17.06.2023
382,"Новороссийск, ул. Черняховского, 19",9192.1,2009,18,90,44.7017853,37.7818762359763,17.06.2023,17.06.2023
383,"Новороссийск, ул. Черняховского, 21",9100.5,2013,17,74,44.701636,37.781494,17.06.2023,17.06.2023
384,"Новороссийск, ул. Черняховского, 3",3156,1964,5,80,44.7016588,37.7871612267586,17.06.2023,17.06.2023
385,"Новороссийск, ул. Черняховского, 4",427,1957,2,8,44.7011789,37.7867196739271,17.06.2023,17.06.2023
386,"Новороссийск, ул. Черняховского, 6",421.4,1957,2,8,44.7011302,37.786245746941,17.06.2023,17.06.2023
387,"Новороссийск, ул. Шаумяна, 8",154.3,1927,1,3,44.73880545,37.7755415598236,17.06.2023,17.06.2023
388,"Новороссийск, ул. Щорса, 50Б",1195.8,0,5,0,44.7213871,37.7564668,17.06.2023,17.06.2023
389,"Новороссийск, ул. Элеваторная, 63",569.2,1961,2,16,44.739272,37.7710096,17.06.2023,17.06.2023
390,"Новороссийск, ул. Энгельса, 35",1202.9,1955,3,12,44.782728,37.6931489389615,17.06.2023,17.06.2023
391,"Новороссийск, ул. Энгельса, 35А",1217.3,1955,3,12,44.7132493,37.7766324,17.06.2023,17.06.2023
392,"Новороссийск, ул. Энгельса, 39",534.8,1920,2,12,44.71507815,37.7739755925238,17.06.2023,17.06.2023
393,"Новороссийск, ул. Энгельса, 41",685.5,1917,2,14,44.71477855,37.7745228886638,17.06.2023,17.06.2023
394,"Новороссийск, ул. Энгельса, 49",2290.88,1930,5,46,44.71307465,37.7760257038005,17.06.2023,17.06.2023
395,"Новороссийск, ул. Энгельса, 51",2191.8,0,4,0,44.7129383,37.7766771297765,17.06.2023,17.06.2023
396,"Новороссийск, ул. Энгельса, 55",2250.39,1956,4,99,44.7121112,37.7776487207881,17.06.2023,17.06.2023
397,"Новороссийск, ул. Энгельса, 57",1374.9,1930,2,26,44.7116629,37.7782575,17.06.2023,17.06.2023
398,"Новороссийск, ул. Энгельса, 63",430.2,1928,2,10,44.7109976,37.7789745251092,17.06.2023,17.06.2023
399,"Новороссийск, ул. Энгельса, 66",14000.5,1986,9,187,44.7111485,37.7803154,17.06.2023,17.06.2023
400,"Новороссийск, ул. Энгельса, 69А",187.8,1917,1,9,44.7132493,37.7766324,17.06.2023,17.06.2023
401,"Новороссийск, ул. Энгельса, 69Б",134.7,1917,2,6,44.7103424,37.7797318,17.06.2023,17.06.2023
402,"Новороссийск, ул. Энгельса, 70",2239.6,1954,4,31,44.7100822,37.7806589716746,17.06.2023,17.06.2023
403,"Новороссийск, ул. Энгельса, 71",4188.55,1948,4,33,44.7098308,37.7802329235925,17.06.2023,17.06.2023
404,"Новороссийск, ул. Энгельса, 72",638.7,1954,3,24,44.7098259,37.780982,17.06.2023,17.06.2023
405,"Новороссийск, ул. Энгельса, 74",6414.3,1983,9,104,44.70967635,37.781792838073,17.06.2023,17.06.2023
406,"Новороссийск, ул. Энгельса, 76",6684.8,1983,9,104,44.7092657,37.782302566755,17.06.2023,17.06.2023
407,"Новороссийск, ул. Энгельса, 78",6438.2,1983,9,104,44.708845,37.7827933868545,17.06.2023,17.06.2023
408,"Новороссийск, ул. Энгельса, 79",8393.9,2016,9,96,44.708663,37.7814908230869,17.06.2023,17.06.2023
409,"Новороссийск, ул. Энгельса, 80",6683,1983,9,104,44.7084411,37.783341,17.06.2023,17.06.2023
410,"Новороссийск, ул. Энгельса, 82",6198.42,1983,9,104,44.7080022,37.7837806565429,17.06.2023,17.06.2023
411,"Новороссийск, ул. Энгельса, 84",3435.7,1983,5,56,44.70755,37.784069,17.06.2023,17.06.2023
412,"Новороссийск, ул. Энгельса, 91",163.4,1917,1,5,44.70757465,37.7829852622302,17.06.2023,17.06.2023
413,"Новороссийск, ул. Энгельса, 93",27863,2020,23,274,44.707076,37.7827714681202,17.06.2023,17.06.2023
414,"Новороссийск, ул. Энгельса, 95",18494.4,2018,17,304,44.70686025,37.7836804773313,17.06.2023,17.06.2023
415,"Новороссийск, ул. Энгельса, 98",1767.37,1959,4,48,44.7068744,37.7843873,17.06.2023,17.06.2023
416,"Новороссийск, ул. Южная, 1",12319.2,2008,16,320,44.675433,37.7794633,17.06.2023,17.06.2023
417,"Новороссийск, ул. Южная, 10",12766.2,1994,10,240,44.67704145,37.783729759926,17.06.2023,17.06.2023
418,"Новороссийск, ул. Южная, 10А",4532.6,2014,9,40,44.67592385,37.633495468052,17.06.2023,17.06.2023
419,"Новороссийск, ул. Южная, 11",8091.7,2008,16,105,44.6760323,37.7846242,17.06.2023,17.06.2023
420,"Новороссийск, ул. Южная, 12",4442.8,2007,9,72,44.676643,37.7851367,17.06.2023,17.06.2023
421,"Новороссийск, ул. Южная, 13",9714.5,2012,16,90,44.6760277,37.7855851,17.06.2023,17.06.2023
422,"Новороссийск, ул. Южная, 14",9177.8,2006,17,91,44.6765939,37.7856605,17.06.2023,17.06.2023
423,"Новороссийск, ул. Южная, 15",2478.5,2012,9,108,44.67530925,37.7840866374256,17.06.2023,17.06.2023
424,"Новороссийск, ул. Южная, 17",5465,2009,9,72,44.77938795,37.7031506,17.06.2023,17.06.2023
425,"Новороссийск, ул. Южная, 19",7880.1,2013,17,112,44.67487285,37.7832097498127,17.06.2023,17.06.2023
426,"Новороссийск, ул. Южная, 1А",7588.1,2013,10,90,44.68180885,37.6317948287042,17.06.2023,17.06.2023
427,"Новороссийск, ул. Южная, 21",33589,2014,16,385,44.67584,37.7869257,17.06.2023,17.06.2023
428,"Новороссийск, ул. Южная, 23",10087.3,2013,16,105,44.67613065,37.7881595991773,17.06.2023,17.06.2023
429,"Новороссийск, ул. Южная, 25",16166.4,2015,9,216,44.67526795,37.7875566051885,17.06.2023,17.06.2023
430,"Новороссийск, ул. Южная, 27",39310.9,2017,17,385,44.6757665,37.7892082,17.06.2023,17.06.2023
431,"Новороссийск, ул. Южная, 29",9259.1,2016,16,112,44.6749396,37.789212951207,17.06.2023,17.06.2023
432,"Новороссийск, ул. Южная, 5",9096,2008,16,91,44.6760357,37.7823996,17.06.2023,17.06.2023
433,"Новороссийск, ул. Южная, 6",14169.3,1993,10,230,44.6770184,37.7830549433037,17.06.2023,17.06.2023
434,"Новороссийск, ул. Южная, 7",21014.2,2011,9,261,44.77861115,37.70433995,17.06.2023,17.06.2023
435,"Новороссийск, ул. Южная, 9",4064.8,2013,16,385,44.67579635,37.7831674456381,17.06.2023,17.06.2023
