City,Address,Square,Year,Levels,Flats,Lat,Lon
Новороссийск,"Литейный пер., 38",6742.5,1989,9,162,44.71313815,37.84767723712625
Новороссийск,"ул. Аршинцева, 3",428.7,1917,2,7,44.73812825,37.77797325
Новороссийск,"ул. Бориса Пупко, 1",11381.6,2018,16,105,44.6761272,37.7905627
Новороссийск,"ул. Бориса Пупко, 10",15258.1,2015,16,224,44.673222,37.791288
Новороссийск,"ул. Бориса Пупко, 3",19961.5,2017,10,261,44.6753813,37.790707325
Новороссийск,"ул. Бориса Пупко, 5",17024,2018,10,198,44.673924,37.79033411994259
Новороссийск,"ул. Бориса Пупко, 8",20370.6,2015,16,288,44.67388775,37.79123748947775
Новороссийск,"ул. Васенко, 32",278.5,1961,1,7,44.7389923,37.7736189
Новороссийск,"ул. Вербовая, 11",15603.6,2011,21,135,44.6837115,37.78486598153105
Новороссийск,"ул. Вербовая, 11А",10423.8,2011,20,135,44.6836678,37.7845907
Новороссийск,"ул. Вербовая, 13",6384.1,2012,16,80,44.683239900000004,37.78325682886904
Новороссийск,"ул. Вербовая, 15",6503.4,2010,17,80,44.68307565,37.78281325216905
Новороссийск,"ул. Вербовая, 17",4817.1,1994,10,80,44.68263955,37.78240855
Новороссийск,"ул. Вербовая, 17",4817.1,1994,10,80,44.68263955,37.78240855
Новороссийск,"ул. Вербовая, 21",4819.2,1995,10,80,44.6816613,37.7811791
Новороссийск,"ул. Вербовая, 3",8767.5,2009,9,87,44.6841366,37.7859038
Новороссийск,"ул. Вербовая, 5",6676.5,2008,9,90,44.683633349999994,37.78552037587173
Новороссийск,"ул. Вербовая, 7",6111.1,2009,9,71,44.68348895,37.78608061426981
Новороссийск,"ул. Вербовая, 9",9622.9,2010,9,97,44.6835047,37.7865066
Новороссийск,"ул. Видова, 100",19674.3,2020,21,266,44.7257228,37.754097670430866
Новороссийск,"ул. Видова, 116",3771.9,1979,6,60,44.7276257,37.7507986
Новороссийск,"ул. Видова, 119",4646.9,0,5,0,44.72908755,37.748472878042044
Новороссийск,"ул. Видова, 119А",2697.3,0,5,0,44.7295038,37.74875301613737
Новороссийск,"ул. Видова, 121",2958.3,1966,6,77,44.72966875,37.747979099999995
Новороссийск,"ул. Видова, 123",4286.2,1981,9,145,44.72977815,37.747238723135325
Новороссийск,"ул. Видова, 125",4693.5,1974,5,90,44.7304734,37.7455763
Новороссийск,"ул. Видова, 129",669.4,1961,2,16,44.73086715,37.744827612127935
Новороссийск,"ул. Видова, 135",2196.4,1969,6,43,44.7320653,37.74302101964525
Новороссийск,"ул. Видова, 137",3230.28,1982,5,47,44.7324436,37.741248
Новороссийск,"ул. Видова, 137А",3786.8,1970,9,0,44.7211569,37.7648737
Новороссийск,"ул. Видова, 149",5361.1,2014,9,90,44.737686499999995,37.73131880083604
Новороссийск,"ул. Видова, 151",14039.9,2014,9,196,44.73795055,37.73041726423922
Новороссийск,"ул. Видова, 153",2222,0,10,0,44.739643099999995,37.728787749999995
Новороссийск,"ул. Видова, 156А",4611.7,1974,5,60,44.730525650000004,37.7422754
Новороссийск,"ул. Видова, 157",24476,2000,10,416,44.7393242,37.72923944111253
Новороссийск,"ул. Видова, 158",2276,1966,5,41,44.7310928,37.742234499999995
Новороссийск,"ул. Видова, 158А",5237.2,1979,9,64,44.73124225,37.74289931241742
Новороссийск,"ул. Видова, 160",3410.2,1967,5,63,44.731501,37.7419719
Новороссийск,"ул. Видова, 160А",2366.1,1982,9,32,44.73188705,37.741508249999995
Новороссийск,"ул. Видова, 162",2106.2,1966,5,41,44.73152335,37.741064300000005
Новороссийск,"ул. Видова, 163А",4891.7,2006,9,73,44.73971075,37.7296109
Новороссийск,"ул. Видова, 163Б",3132.4,2008,9,36,44.7211569,37.7648737
Новороссийск,"ул. Видова, 164",4995.4,1966,5,89,44.73205335,37.74077439999999
Новороссийск,"ул. Видова, 164А",2378.7,1980,9,32,44.7324194,37.7402338
Новороссийск,"ул. Видова, 165",23549.5,1994,10,463,44.740058649999995,37.72641884624517
Новороссийск,"ул. Видова, 166",2127.2,1966,5,40,44.7321671,37.73973959999999
Новороссийск,"ул. Видова, 167",17045,1994,10,466,44.7409298,37.72513142858324
Новороссийск,"ул. Видова, 167Б",6197.2,2011,16,79,44.74187645000001,37.726997374999996
Новороссийск,"ул. Видова, 168",4777.5,1965,5,90,44.73269815,37.7394529
Новороссийск,"ул. Видова, 169",4274.6,1995,10,459,44.74218725,37.724166339238344
Новороссийск,"ул. Видова, 171",6065.8,2003,10,108,44.7423199,37.72610716800399
Новороссийск,"ул. Видова, 172",3348.8,1966,5,63,44.73380025,37.737151999999995
Новороссийск,"ул. Видова, 173",20099.2,2001,10,340,44.74178985,37.72509712521672
Новороссийск,"ул. Видова, 174",2380.4,1978,9,32,44.7344431,37.73625821148984
Новороссийск,"ул. Видова, 176",3567.2,1966,5,64,44.7344269,37.735843849999995
Новороссийск,"ул. Видова, 176А",2652.8,1977,9,36,44.73485225,37.735331258082816
Новороссийск,"ул. Видова, 177",4593.2,2007,9,71,44.742926999999995,37.72582485000001
Новороссийск,"ул. Видова, 178",3522.5,1966,5,80,44.73500035,37.734642614380675
Новороссийск,"ул. Видова, 178А",2559.5,1976,9,32,44.735374449999995,37.734267949999996
Новороссийск,"ул. Видова, 180",3583,1967,5,80,44.73473525,37.734141588554074
Новороссийск,"ул. Видова, 182",3917.8,1970,6,185,44.735290649999996,37.733530236683755
Новороссийск,"ул. Видова, 182А",2854.9,1977,9,36,44.73604135,37.73301334275625
Новороссийск,"ул. Видова, 184",4255.8,1972,5,136,44.7359331,37.73218155000001
Новороссийск,"ул. Видова, 186",3829.8,1976,5,164,44.7360969,37.73122398689939
Новороссийск,"ул. Видова, 188",3917.3,1975,5,159,44.7368119,37.7314884
Новороссийск,"ул. Видова, 190",3398.2,1975,5,60,44.7366544,37.73097095
Новороссийск,"ул. Видова, 196",5870,2008,16,80,44.7390826,37.72636969707243
Новороссийск,"ул. Видова, 196А",6014.2,2009,16,80,44.738846699999996,37.72664150333209
Новороссийск,"ул. Видова, 210",1226.8,2011,6,28,44.739353300000005,37.72471437650219
Новороссийск,"ул. Видова, 210А",1297.7,2012,6,30,44.7211569,37.7648737
Новороссийск,"ул. Видова, 210Б",2604,2012,6,41,44.7211569,37.7648737
Новороссийск,"ул. Видова, 210В",776.2,2013,6,23,44.7211569,37.7648737
Новороссийск,"ул. Видова, 210Г",4591.3,2015,12,112,44.7211569,37.7648737
Новороссийск,"ул. Видова, 212",9659.2,2015,15,168,44.73892995,37.724546700000005
Новороссийск,"ул. Видова, 214",16993.1,2014,16,304,44.739553,37.723769749999995
Новороссийск,"ул. Видова, 220",16949.1,2015,16,272,44.7403147,37.72285065916825
Новороссийск,"ул. Видова, 56",8707.3,1990,9,144,44.72328305,37.75803355222706
Новороссийск,"ул. Видова, 58",9696.8,1988,9,144,44.723559800000004,37.75747390320058
Новороссийск,"ул. Видова, 65",11708.2,2006,9,144,44.723741849999996,37.760301350000006
Новороссийск,"ул. Видова, 67",3618.5,1971,6,69,44.7244261,37.76001162838232
Новороссийск,"ул. Видова, 67А",4734.8,1972,5,89,44.725005800000005,37.75924269999999
Новороссийск,"ул. Видова, 7",1139.6,1961,3,24,44.72071045,37.766128130479785
Новороссийск,"ул. Видова, 79",9495.1,0,9,180,44.7245249,37.75865167885748
Новороссийск,"ул. Видова, 7А",2138,1963,4,43,44.72037485,37.766721624781134
Новороссийск,"ул. Видова, 81А",3520,1974,5,67,44.72536995,37.757949770262755
Новороссийск,"ул. Видова, 83",4284.4,1981,9,72,44.7252018,37.757291587021186
Новороссийск,"ул. Видова, 85",4293.7,1981,9,71,44.725436650000006,37.75678074999999
Новороссийск,"ул. Видова, 87",4248.7,1981,9,72,44.7255685,37.756182272677094
Новороссийск,"ул. Волгоградская, 10",3484.8,1979,5,60,44.68853,37.7621874
Новороссийск,"ул. Волгоградская, 12",4381.3,1978,9,72,44.68777435,37.762719849999996
Новороссийск,"ул. Волгоградская, 14",4380.9,1978,9,72,44.68822935,37.76273332776988
Новороссийск,"ул. Волгоградская, 16",5154.91,1979,5,89,44.6877929,37.7634549
Новороссийск,"ул. Волгоградская, 18",3054.8,1979,5,60,44.68756535,37.763887
Новороссийск,"ул. Волгоградская, 2",6624.7,1982,9,108,44.6883712,37.76039580687348
Новороссийск,"ул. Волгоградская, 20",6497.1,1979,9,108,44.68708585,37.76449819787294
Новороссийск,"ул. Волгоградская, 22",3463,1979,5,60,44.6871691,37.765382349999996
Новороссийск,"ул. Волгоградская, 24",3459.1,1979,5,60,44.687013,37.76584945
Новороссийск,"ул. Волгоградская, 26",6517.8,1979,9,108,44.686485899999994,37.76633780000002
Новороссийск,"ул. Волгоградская, 26А",3412.4,1981,5,51,44.6870232,37.7666702
Новороссийск,"ул. Волгоградская, 28",3859.1,1980,9,72,44.6865387,37.76710505
Новороссийск,"ул. Волгоградская, 30",3860.7,1980,9,72,44.68612085,37.76749674999999
Новороссийск,"ул. Волгоградская, 32",4278.34,1980,9,72,44.68618885,37.7682113
Новороссийск,"ул. Волгоградская, 34/1",12269.4,1985,9,208,44.6877508,37.7616253
Новороссийск,"ул. Волгоградская, 36",6459.5,1985,9,161,44.68564215,37.770282367364125
Новороссийск,"ул. Волгоградская, 38",6783.7,1984,9,162,44.6854194,37.771144157674925
Новороссийск,"ул. Волгоградская, 4",4326.7,1978,8,72,44.68820185,37.76131026367509
Новороссийск,"ул. Волгоградская, 40",6450.4,1986,9,162,44.68521455,37.771914539789634
Новороссийск,"ул. Волгоградская, 42",5233.7,1985,10,162,44.68502645,37.77262143498832
Новороссийск,"ул. Волгоградская, 44",7083.3,1985,3,128,44.6846194,37.7733558
Новороссийск,"ул. Волгоградская, 48",3876,1984,9,72,44.68485305,37.77671545
Новороссийск,"ул. Волгоградская, 50",4247,1983,9,72,44.68490965,37.777496020890474
Новороссийск,"ул. Волгоградская, 52",4292.7,1983,9,72,44.68489365,37.77827242502924
Новороссийск,"ул. Волгоградская, 54",5971.3,1983,9,90,44.684998199999995,37.77928595069204
Новороссийск,"ул. Волгоградская, 6",4302.4,1979,9,72,44.687961,37.76487771499122
Новороссийск,"ул. Волгоградская, 8",3852.5,1979,9,72,44.687976750000004,37.76200785
Новороссийск,"ул. Гайдара, 25",3073.7,1972,5,65,44.731407250000004,37.737247800000006
Новороссийск,"ул. Гайдара, 27",5127.4,1973,5,93,44.7317872,37.7373676
Новороссийск,"ул. Героев Десантников, 10",8058.5,1984,9,135,44.68687695,37.778096721245376
Новороссийск,"ул. Героев Десантников, 11",4572.5,1971,5,90,44.688814750000006,37.788315
Новороссийск,"ул. Героев Десантников, 12",6533.8,1983,9,108,44.6856613,37.7777767
Новороссийск,"ул. Героев Десантников, 14",8575.3,1984,9,141,44.686767599999996,37.7767662
Новороссийск,"ул. Героев Десантников, 15",2078.3,1981,9,36,44.6874863,37.78841715
Новороссийск,"ул. Героев Десантников, 17",2301.4,1972,9,36,44.687243550000005,37.7881633
Новороссийск,"ул. Героев Десантников, 18",9708,1986,10,130,44.6865424,37.7756631
Новороссийск,"ул. Героев Десантников, 19",3206.5,1971,5,60,44.6871042,37.7875624
Новороссийск,"ул. Героев Десантников, 20",4293.2,1984,9,70,44.6863045,37.7744827
Новороссийск,"ул. Героев Десантников, 21",4798.71,1971,5,90,44.687290250000004,37.786616650336214
Новороссийск,"ул. Героев Десантников, 22",5173.8,1985,9,66,44.68606445,37.773858546680444
Новороссийск,"ул. Героев Десантников, 23",4996.41,1970,5,90,44.6873627,37.785183
Новороссийск,"ул. Героев Десантников, 24",7607.6,1984,9,143,44.68663325,37.773241243379076
Новороссийск,"ул. Героев Десантников, 25",2272.5,1972,9,35,44.687619600000005,37.78587837642469
Новороссийск,"ул. Героев Десантников, 27",4605.4,1973,5,90,44.687835,37.7851865
Новороссийск,"ул. Героев Десантников, 28",3011.3,1985,5,60,44.68619555,37.77172997683728
Новороссийск,"ул. Героев Десантников, 3",2421.3,1975,9,36,44.68818515,37.78964800463483
Новороссийск,"ул. Героев Десантников, 30",4188.7,1984,9,72,44.68677005,37.77184310305781
Новороссийск,"ул. Героев Десантников, 31",4759.8,1967,5,90,44.687990600000006,37.7835991
Новороссийск,"ул. Героев Десантников, 32",3055,1986,5,60,44.68634035,37.77120482316272
Новороссийск,"ул. Героев Десантников, 33",3390.2,1972,5,59,44.6886909,37.78390244955928
Новороссийск,"ул. Героев Десантников, 33А",2349.8,1981,9,36,44.6892022,37.7834112
Новороссийск,"ул. Героев Десантников, 34",4113.1,1985,9,72,44.68722095,37.77126580601277
Новороссийск,"ул. Героев Десантников, 35",4764.9,1969,5,90,44.68808655,37.7829876
Новороссийск,"ул. Героев Десантников, 35А",2332.2,1978,9,36,44.68886705,37.783001049999996
Новороссийск,"ул. Героев Десантников, 36",3576.4,1987,5,60,44.68648115,37.77066275
Новороссийск,"ул. Героев Десантников, 37",3213.4,1970,5,59,44.687631249999995,37.7823975
Новороссийск,"ул. Героев Десантников, 38",4253.7,1984,9,72,44.6871655,37.77036730031193
Новороссийск,"ул. Героев Десантников, 39",3239.6,1974,5,55,44.6877404,37.7813816
Новороссийск,"ул. Героев Десантников, 39А",5059.3,1975,5,96,44.688179149999996,37.78193985
Новороссийск,"ул. Героев Десантников, 47",4529.8,1979,6,158,44.6886512,37.777218
Новороссийск,"ул. Героев Десантников, 49",4434.3,1981,9,72,44.6877539,37.777373749999995
Новороссийск,"ул. Героев Десантников, 5",2292.9,1975,9,36,44.688417799999996,37.78966846502965
Новороссийск,"ул. Героев Десантников, 51",3443.8,1980,5,60,44.688805,37.77669594784213
Новороссийск,"ул. Героев Десантников, 53",3371.7,1980,5,48,44.687551150000004,37.77644985
Новороссийск,"ул. Героев Десантников, 55",4387.6,1980,9,72,44.68872965,37.77565335
Новороссийск,"ул. Героев Десантников, 55А",3598.1,1989,9,50,44.688635950000005,37.775097438770686
Новороссийск,"ул. Героев Десантников, 57",4332.1,1980,9,72,44.68759295,37.77557275
Новороссийск,"ул. Героев Десантников, 59",4505.2,1979,5,119,44.687941550000005,37.77511045
Новороссийск,"ул. Героев Десантников, 61",3389.1,1980,5,48,44.68771265,37.77829538640279
Новороссийск,"ул. Героев Десантников, 61А",6473.61,1983,9,108,44.689598,37.7740226
Новороссийск,"ул. Героев Десантников, 69",3439.9,1986,5,60,44.6881243,37.77358865
Новороссийск,"ул. Героев Десантников, 7",3317.9,1972,5,48,44.68768795,37.78920809999999
Новороссийск,"ул. Героев Десантников, 71",4285,1986,9,72,44.6886075,37.77411121754166
Новороссийск,"ул. Героев Десантников, 73",5160.9,1988,5,90,44.68805375,37.77448322462165
Новороссийск,"ул. Героев Десантников, 73А",4425.3,1987,9,72,44.68749765,37.77426083779626
Новороссийск,"ул. Героев Десантников, 75",2557.4,1987,9,34,44.687280400000006,37.77371445256767
Новороссийск,"ул. Героев Десантников, 79",4627.1,1984,9,64,44.687464,37.7732756
Новороссийск,"ул. Героев Десантников, 81",4757.2,1984,9,64,44.6876508,37.772415
Новороссийск,"ул. Героев Десантников, 83",4475.1,1985,9,64,44.687773199999995,37.77162835
Новороссийск,"ул. Героев Десантников, 85",4117.2,1985,5,130,44.688465,37.771705850000004
Новороссийск,"ул. Героев Десантников, 87",5077.2,1986,9,67,44.68889995,37.771380707248134
Новороссийск,"ул. Героев Десантников, 89",4266.5,1985,9,64,44.688268750000006,37.77078575
Новороссийск,"ул. Героев Десантников, 9",2125.1,1973,5,101,44.6879727,37.7885986
Новороссийск,"ул. Героев Десантников, 91",2328,1986,9,33,44.68792565,37.770983110003
Новороссийск,"ул. Героев Десантников, 95",5316.9,1982,9,171,44.68882175,37.77021187105623
Новороссийск,"ул. Героев Десантников, 97",4287.3,1982,9,72,44.68831595,37.76975435
Новороссийск,"ул. Гладкова, 18",1286.5,0,1,0,44.7190772,37.7639079
Новороссийск,"ул. Григорьева, 10",13822.2,2018,16,192,44.671308249999996,37.7802488
Новороссийск,"ул. Дзержинского, 120",1916.3,0,5,0,44.69791695,37.77942238655051
Новороссийск,"ул. Дзержинского, 126",4667.1,1988,9,72,44.69726145,37.779459956300904
Новороссийск,"ул. Дзержинского, 128",4538.5,1988,9,72,44.70093865,37.7788163864861
Новороссийск,"ул. Дзержинского, 130",4455.8,1988,9,72,44.6969505,37.77955161173337
Новороссийск,"ул. Дзержинского, 132",4297.7,1988,9,72,44.70040335,37.779506493635694
Новороссийск,"ул. Дзержинского, 134",4299.7,1988,9,72,44.696658,37.779767255031295
Новороссийск,"ул. Дзержинского, 136",4353.7,1988,9,72,44.696501049999995,37.7796766
Новороссийск,"ул. Дзержинского, 138",4301.3,1987,9,72,44.6963241,37.77978145512907
Новороссийск,"ул. Дзержинского, 140",4291.3,1988,9,72,44.6984452,37.7791751
Новороссийск,"ул. Дзержинского, 150",4773.6,1994,10,80,44.694137,37.781352314893496
Новороссийск,"ул. Дзержинского, 152",4785.9,1992,10,80,44.69435165,37.780901493317046
Новороссийск,"ул. Дзержинского, 154",5226.1,1993,10,76,44.6941112,37.780534
Новороссийск,"ул. Дзержинского, 156",2604.7,1994,10,38,44.6937262,37.7808414
Новороссийск,"ул. Днестровская, 2",3876.1,1966,5,88,44.730974200000006,37.74148434999998
Новороссийск,"ул. Днестровская, 4",3570.5,1967,5,80,44.730670599999996,37.74108035000002
Новороссийск,"ул. Жуковского, 11",452.4,0,2,0,44.7361128,37.77741522997502
Новороссийск,"ул. Золотаревского, 10",3885.5,1980,9,0,44.6881943,37.767128
Новороссийск,"ул. Золотаревского, 12",4752.8,1981,9,72,44.6881722,37.76778275000001
Новороссийск,"ул. Золотаревского, 2",4310.82,1987,9,72,44.689228,37.763464
Новороссийск,"ул. Золотаревского, 2А",6208,1986,9,108,44.6887641,37.7639291
Новороссийск,"ул. Золотаревского, 4",5305.2,1980,5,88,44.68983135,37.76270855
Новороссийск,"ул. Золотаревского, 8",4487.9,1981,9,72,44.68821275,37.766513800000006
Новороссийск,"ул. Золотаревского, 8А",11259,2019,18,200,44.68865565,37.76577301725892
Новороссийск,"ул. Индустриальная, 5",436.3,1958,2,8,44.7294501,37.75026956226743
Новороссийск,"ул. Индустриальная, 6",550.7,1960,2,16,44.729076649999996,37.750739800000005
Новороссийск,"ул. Исаева, 1",27590.6,0,18,104,44.70816635,37.78645892315551
Новороссийск,"ул. Исаева, 13",2033.9,1961,4,43,44.707082150000005,37.784918119369024
Новороссийск,"ул. Исаева, 23",382.7,1953,2,8,44.7055477,37.78256119999999
Новороссийск,"ул. Исаева, 25",540.2,0,2,0,44.705293749999996,37.78216655997842
Новороссийск,"ул. Исаева, 38",392.6,1953,2,8,44.7055766,37.783293161951065
Новороссийск,"ул. Исаева, 4",16869.4,1984,10,130,44.7076201,37.78690086989015
Новороссийск,"ул. Исаева, 40",374.6,0,2,0,44.7052741,37.782855749999996
Новороссийск,"ул. Исаева, 6",16912.8,1988,9,188,44.706052,37.784359
Новороссийск,"ул. Исаева, 8",933.6,0,4,0,44.70634795,37.785280336035655
Новороссийск,"ул. Карамзина, 53",8389.5,1986,9,144,44.695195,37.78294213112892
Новороссийск,"ул. Козлова, 72",23408.8,2014,16,278,44.727502099999995,37.7544607626176
Новороссийск,"ул. Конституции, 22",4462.1,2011,8,28,44.716415850000004,37.77177893374083
Новороссийск,"ул. Корницкого, 24",2337.6,1974,9,34,44.70290765,37.78289945
Новороссийск,"ул. Куникова, 1",11695,2021,17,150,44.6940582,37.7870818
Новороссийск,"ул. Куникова, 102",2975.53,1978,9,107,44.6918603,37.76298885548061
Новороссийск,"ул. Куникова, 104",5474.52,1984,9,171,44.691982249999995,37.76210634691924
Новороссийск,"ул. Куникова, 11",9979.8,1993,10,150,44.694299,37.78281138771848
Новороссийск,"ул. Куникова, 19",8428.1,1986,9,144,44.69414505,37.78202653726921
Новороссийск,"ул. Куникова, 20А",11125.1,2017,17,139,44.6930538,37.783030374836954
Новороссийск,"ул. Куникова, 21",4015.3,2004,10,64,44.693695,37.781452
Новороссийск,"ул. Куникова, 3",528,1958,2,16,44.69435295,37.786441765907384
Новороссийск,"ул. Куникова, 34",6274.2,0,9,0,44.6923893,37.7787511
Новороссийск,"ул. Куникова, 36",6871.7,1977,5,119,44.6923016,37.7768219
Новороссийск,"ул. Куникова, 38",5177.2,1978,5,90,44.6917794,37.777428
Новороссийск,"ул. Куникова, 40",3414.3,1978,5,60,44.691362299999994,37.77695215
Новороссийск,"ул. Куникова, 42",4729.2,1977,5,90,44.6914599,37.7763855
Новороссийск,"ул. Куникова, 44",4283.2,1979,9,72,44.690917,37.7759265
Новороссийск,"ул. Куникова, 46",5157.2,1978,5,89,44.6913799,37.7754696
Новороссийск,"ул. Куникова, 48",2918.57,1981,9,34,44.692043850000005,37.775512579205966
Новороссийск,"ул. Куникова, 5",12162.8,2020,17,142,44.6948281,37.78657012581212
Новороссийск,"ул. Куникова, 50",4104.2,1978,5,90,44.69131725,37.7749395
Новороссийск,"ул. Куникова, 50А",5293.2,1982,9,170,44.69051695,37.77511828759718
Новороссийск,"ул. Куникова, 52",6533.5,1981,9,108,44.6919233,37.7748876
Новороссийск,"ул. Куникова, 52А",2418.7,0,10,0,44.6908708,37.773989900095444
Новороссийск,"ул. Куникова, 54",3878,1981,5,60,44.69176965,37.77259945424447
Новороссийск,"ул. Куникова, 58",3784.75,1982,5,120,44.69109675,37.772668749999994
Новороссийск,"ул. Куникова, 58А",3887.7,1983,5,120,44.69114625,37.773207
Новороссийск,"ул. Куникова, 60",4598.4,1983,5,133,44.691058999999996,37.7721095
Новороссийск,"ул. Куникова, 60А",4186.1,1983,9,64,44.6905528,37.7716233
Новороссийск,"ул. Куникова, 62",3963.81,1982,5,120,44.6910029,37.77118712456665
Новороссийск,"ул. Куникова, 62А",2630,1984,9,34,44.69156275,37.77121876418748
Новороссийск,"ул. Куникова, 64",5234.4,1980,5,89,44.69086405,37.770627000000005
Новороссийск,"ул. Куникова, 64А",4789.3,1981,5,90,44.6897007,37.770830149999995
Новороссийск,"ул. Куникова, 66",5870.8,1980,9,108,44.69136865,37.769906511759245
Новороссийск,"ул. Куникова, 9",12335.9,1991,9,170,44.6941609,37.7845037
Новороссийск,"ул. Куникова, 92",3698.65,1977,9,154,44.691231099999996,37.76495057592749
Новороссийск,"ул. Куникова, 92А",4094.63,0,5,0,44.6898734,37.76490750000001
Новороссийск,"ул. Куникова, 92Б",1070.7,1980,5,60,44.6900744,37.764267950000004
Новороссийск,"ул. Куникова, 94",2019.6,1978,9,117,44.6915598,37.763960955480606
Новороссийск,"ул. Леднева, 8",3271.6,1960,5,80,44.7235405,37.7734944
Новороссийск,"ул. Леженина, 90",4045.7,1965,5,109,44.70199265,37.78273267352924
Новороссийск,"ул. Лермонтова, 10",174,1901,2,9,44.73868685,37.77994635
Новороссийск,"ул. Лермонтова, 8",168.6,1917,2,9,44.73859495,37.780209341744694
Новороссийск,"ул. Малоземельская, 10",174.8,1981,9,34,44.6876391,37.76778450707154
Новороссийск,"ул. Малоземельская, 11",3428.9,1987,5,60,44.6894844,37.769548996296365
Новороссийск,"ул. Малоземельская, 13",3427.8,1984,5,60,44.6895238,37.77009287555418
Новороссийск,"ул. Малоземельская, 14",3881.38,1982,9,72,44.6892317,37.76652335
Новороссийск,"ул. Малоземельская, 14А",22664.1,2013,16,262,44.68900055,37.76777136255289
Новороссийск,"ул. Малоземельская, 15",9186.82,1985,9,128,44.6902546,37.76843482594215
Новороссийск,"ул. Малоземельская, 19",2407.3,1987,9,33,44.6910284,37.7683801
Новороссийск,"ул. Малоземельская, 21",2307.7,1986,9,33,44.6912289,37.768620299999995
Новороссийск,"ул. Малоземельская, 23",2387.9,1986,9,33,44.69143365,37.768841699999996
Новороссийск,"ул. Малоземельская, 3",10684.1,1985,9,209,44.6869598,37.7692619
Новороссийск,"ул. Малоземельская, 4",3043.5,1981,9,32,44.6866613,37.7681503
Новороссийск,"ул. Малоземельская, 5",9222.5,1990,9,116,44.6877061,37.7692432
Новороссийск,"ул. Малоземельская, 6",1287.2,1981,9,34,44.68687755,37.767958655803724
Новороссийск,"ул. Малоземельская, 7",2282.5,1988,9,36,44.68857385,37.7692215
Новороссийск,"ул. Малоземельская, 8",2192.2,1984,9,32,44.68744855,37.767954259975184
Новороссийск,"ул. Малоземельская, 9",10295.6,1981,9,180,44.6891782,37.76885265
Новороссийск,"ул. Маркова, 5",449.6,1958,2,8,44.74816265,37.7534719
Новороссийск,"ул. Менжинского, 20/22",568.4,1960,2,16,44.742053799999994,37.77001101656777
Новороссийск,"ул. Мефодиевская, 110",7070.5,1993,10,116,44.7448421,37.7644269
Новороссийск,"ул. Мира, 10",4903.64,1932,4,68,44.7189282,37.7806726
Новороссийск,"ул. Мира, 10А",960.3,1999,4,12,44.7288316,37.7666267
Новороссийск,"ул. Мира, 12",3330.8,1948,4,44,44.71869865,37.781056114131474
Новороссийск,"ул. Мира, 14/4",3581.3,1957,5,49,44.7288316,37.7666267
Новороссийск,"ул. Мира, 15",1005.6,1950,3,15,44.685736199999994,37.75635316456898
Новороссийск,"ул. Мира, 16/18",4128.7,2007,9,35,44.7288316,37.7666267
Новороссийск,"ул. Мира, 19",2322.9,1958,4,64,44.7220758,37.77632642453459
Новороссийск,"ул. Мира, 20/22",2737.1,1958,4,47,44.7288316,37.7666267
Новороссийск,"ул. Мира, 24",16122.3,2008,12,116,44.71667925,37.78340120095857
Новороссийск,"ул. Мира, 25",1228.6,0,3,0,44.7199207,37.77886821772345
Новороссийск,"ул. Мира, 29",2218.6,1940,5,35,44.784257499999995,37.70307325
Новороссийск,"ул. Мира, 37",5429,1978,5,90,44.71753415,37.78177025
Новороссийск,"ул. Мира, 45",4244,1962,5,56,44.7170139,37.7823978
Новороссийск,"ул. Мира, 47",3323.8,1991,9,71,44.7166308,37.782732807748786
Новороссийск,"ул. Мира, 49",1517.4,1958,4,25,44.71636,37.7831841
Новороссийск,"ул. Михайлова, 16А",390.7,0,2,0,44.7388426,37.769536200000005
Новороссийск,"ул. Молодежная, 10",5010.9,1994,10,79,44.6815109,37.78800355
Новороссийск,"ул. Молодежная, 12",4031.1,0,10,0,44.6818866,37.787279600000005
Новороссийск,"ул. Молодежная, 14",4468.5,2004,7,48,44.682227,37.78692365
Новороссийск,"ул. Молодежная, 16",6569.5,2007,9,107,44.68261435,37.78796535
Новороссийск,"ул. Молодежная, 18",6263,2003,10,78,44.68199225,37.78819025
Новороссийск,"ул. Молодежная, 20",4661.36,1996,10,79,44.68231885,37.7896055
Новороссийск,"ул. Молодежная, 22",5893.7,1994,10,80,44.682686149999995,37.789220509845826
Новороссийск,"ул. Молодежная, 24",4638.8,1998,10,80,44.6822469,37.78884755
Новороссийск,"ул. Молодежная, 26",5096.7,0,10,0,44.6806075,37.7865943
Новороссийск,"ул. Молодежная, 28",10764,1996,10,187,44.683616799999996,37.78764006957364
Новороссийск,"ул. Молодежная, 28А",1594.7,2005,6,11,44.6837281,37.7872986
Новороссийск,"ул. Молодежная, 30",4258,1995,10,80,44.68296665,37.7878015
Новороссийск,"ул. Молодежная, 4",10563.2,1992,9,136,44.68145255,37.78965138522899
Новороссийск,"ул. Молодежная, 4А",2585.1,2004,10,17,44.6818455,37.78971395
Новороссийск,"ул. Молодежная, 6",4199.6,1993,9,72,44.6810801,37.788581169508426
Новороссийск,"ул. Молодежная, 8",9636.8,1993,9,161,44.681077,37.78704
Новороссийск,"ул. Молодежная, 8А",756.6,1996,6,5,44.74054,37.7027406
Новороссийск,"ул. Мурата Ахеджака, 17",33486.4,2021,16,492,44.6718511,37.78881383678443
Новороссийск,"ул. Мурата Ахеджака, 18",18155.2,2021,10,0,44.6733329,37.79030969549272
Новороссийск,"ул. Мурата Ахеджака, 21",18478,2019,16,224,44.672315,37.790435
Новороссийск,"ул. Мурата Ахеджака, 22",22053.7,2015,16,352,44.67354455,37.792156000000006
Новороссийск,"ул. Мурата Ахеджака, 24",21918.7,2015,16,352,44.6739003,37.7929795
Новороссийск,"ул. Мурата Ахеджака, 4",10200.1,2013,10,139,44.6734254,37.7815425
Новороссийск,"ул. Мурата Ахеджака, 6",27694.8,2014,17,368,44.673278350000004,37.782669003491584
Новороссийск,"ул. Октябрьская, 20А",199.5,1918,2,7,44.7145509,37.7689407
Новороссийск,"ул. Парк Б, 27",859.1,1912,2,27,44.7393894,37.7604736368004
Новороссийск,"ул. Парк Б, 29",302,1917,1,12,44.73888425,37.761313584580584
Новороссийск,"ул. Парк Б, 3",282.3,1954,1,18,44.7406331,37.7633198
Новороссийск,"ул. Пенайская, 14",488.9,1941,2,8,44.723338049999995,37.82940572068331
Новороссийск,"ул. Пенайская, 7",560.2,1947,2,12,44.724174,37.82914818298401
Новороссийск,"ул. Пионерская, 12",2390,1997,10,40,44.67900885,37.786789626686584
Новороссийск,"ул. Пионерская, 14",3286.5,2018,9,54,44.679066250000005,37.7865451956953
Новороссийск,"ул. Пионерская, 15",6297.3,1996,10,110,44.6797687,37.78586211320571
Новороссийск,"ул. Пионерская, 17",8511.3,1994,10,150,44.679331000000005,37.785456838543375
Новороссийск,"ул. Пионерская, 18",9254.7,2014,16,112,44.67491615,37.78691792555004
Новороссийск,"ул. Пионерская, 19",2607.6,1994,11,39,44.679387399999996,37.78433884951933
Новороссийск,"ул. Пионерская, 21",3102.8,2007,11,74,44.678991,37.783892
Новороссийск,"ул. Пионерская, 21А",2435.2,2007,1,23,44.6783865,37.783690199999995
Новороссийск,"ул. Пионерская, 21Б",4770.7,2007,10,80,44.6787816,37.7862699
Новороссийск,"ул. Пионерская, 23",16014.3,2010,10,162,44.678466650000004,37.78494299756457
Новороссийск,"ул. Пионерская, 23А",9928.5,2013,19,108,44.6780202,37.7859965
Новороссийск,"ул. Пионерская, 25",8710.7,2000,10,149,44.6777367,37.7859931
Новороссийск,"ул. Пионерская, 27",5148.6,2001,10,0,44.6778204,37.78446429937329
Новороссийск,"ул. Пионерская, 33",9029.5,2007,9,108,44.6771954,37.784973
Новороссийск,"ул. Пионерская, 37",3153.5,1994,5,60,44.677198450000006,37.78591715
Новороссийск,"ул. Пионерская, 39",9605.3,2006,9,104,44.67779695,37.783725651582714
Новороссийск,"ул. Пионерская, 43",9010.6,2012,17,105,44.67575705,37.7858805870857
Новороссийск,"ул. Пионерская, 45",9440.4,2014,16,105,44.67537935,37.7858653
Новороссийск,"ул. Пионерская, 8",7713.4,2014,10,104,44.6840698,37.7873918
Новороссийск,"ул. Пионерская, 9",10383.9,2014,16,160,44.68185115,37.78562494783978
Новороссийск,"ул. Победы, 20",1534.2,0,3,0,44.719407700000005,37.77155499173553
Новороссийск,"ул. Прямая, 33",5192.7,1978,5,173,44.69624795,37.77728354030872
Новороссийск,"ул. Свердлова, 16Б",3905.6,1976,5,48,44.70575425,37.78692125158196
Новороссийск,"ул. Свободы, 3/5",2665.2,0,4,50,44.7222598,37.77318553105413
Новороссийск,"ул. Свободы, 40",233.7,1917,1,6,44.752901449999996,37.729554905759805
Новороссийск,"ул. Свободы, 9/11",3427.7,0,4,59,44.72057705,37.77050615
Новороссийск,"ул. Советов, 10",3408.2,1962,5,64,44.7249307,37.7663896
Новороссийск,"ул. Советов, 11",2934.1,1957,4,24,44.7227065,37.7690866
Новороссийск,"ул. Советов, 12",2320.9,1958,4,32,44.724548549999994,37.767273731515964
Новороссийск,"ул. Советов, 13",4715.9,1964,5,78,44.7221358,37.770203
Новороссийск,"ул. Советов, 16",3379.7,1961,5,80,44.724891400000004,37.769263699999996
Новороссийск,"ул. Советов, 2",6427.1,1965,5,160,44.7148884,37.7804798
Новороссийск,"ул. Советов, 2/6",7062.5,1965,5,160,44.72600785,37.76542262015001
Новороссийск,"ул. Советов, 20",3485.2,1962,5,80,44.7244446,37.770257400000006
Новороссийск,"ул. Советов, 21",3594.6,1959,5,47,44.72033185,37.77266485
Новороссийск,"ул. Советов, 22",5658.2,1953,3,16,44.72376085,37.76999377818847
Новороссийск,"ул. Советов, 23",6300.7,1995,5,68,44.71978275,37.77318192115771
Новороссийск,"ул. Советов, 24",1207.7,1953,3,17,44.723019949999994,37.7704828709725
Новороссийск,"ул. Советов, 26",3853.3,1954,4,53,44.72271785,37.77114996484075
Новороссийск,"ул. Советов, 34",1639.9,1940,4,16,44.7217601,37.7731037482544
Новороссийск,"ул. Советов, 34А",688.3,1940,4,18,44.7255412,37.7646757
Новороссийск,"ул. Советов, 52",1635.6,0,4,0,44.7175426,37.7778587
Новороссийск,"ул. Советов, 58",6339.2,1956,6,79,44.7166865,37.7788984
Новороссийск,"ул. Советов, 60",1789.7,1930,5,0,44.71625785,37.77965377461862
Новороссийск,"ул. Советов, 62",2467.6,1930,4,37,44.71581905,37.7799166936159
Новороссийск,"ул. Советов, 64",1736.4,0,5,0,44.7157451,37.7810115
Новороссийск,"ул. Советов, 66",3983.7,1950,5,40,44.7149472,37.7809498
Новороссийск,"ул. Советов, 68",4939.8,1958,5,67,44.71450335,37.78204915077387
Новороссийск,"ул. Советов, 7",3201.1,1955,4,24,44.72341275,37.767485750020555
Новороссийск,"ул. Советов, 70",538.3,1934,3,12,44.7141437,37.78207795
Новороссийск,"ул. Советов, 72",361,1917,2,14,44.7138678,37.7822062
Новороссийск,"ул. Советов, 74",1195.8,1934,3,20,44.7133375,37.7827842
Новороссийск,"ул. Суворовская, 2А",3582.44,1966,5,80,44.705357750000005,37.78732354541108
Новороссийск,"ул. Суворовская, 6",426.5,1953,2,8,44.704315449999996,37.7864862
Новороссийск,"ул. Суворовская, 8",415,1952,2,8,44.703966949999995,37.7864263
Новороссийск,"ул. Суджукская, 80",652.4,0,4,0,44.6803934,37.765277749999996
Новороссийск,"ул. Тихоступа, 17",531.2,1971,2,10,44.7372813,37.78168065
Новороссийск,"ул. Тихоступа, 7",195.2,1886,1,7,44.7366023,37.78357879520277
Новороссийск,"ул. Хворостянского, 13",4815,1994,10,80,44.68032155,37.7826388
Новороссийск,"ул. Цедрика, 4",1589.1,1960,5,37,44.7147865,37.783115186338975
Новороссийск,"ул. Черняховского, 10/12",1905.6,1959,3,24,44.7010339,37.78488074364196
Новороссийск,"ул. Черняховского, 17",8295.5,2013,17,78,44.7016352,37.782211823082186
Новороссийск,"ул. Черняховского, 19",9192.1,2009,18,90,44.7017853,37.78187623597627
Новороссийск,"ул. Черняховского, 21",9100.5,2013,17,74,44.701636,37.781494
Новороссийск,"ул. Черняховского, 3",3156,1964,5,80,44.701658800000004,37.787161226758556
Новороссийск,"ул. Черняховского, 4",427,1957,2,8,44.7011789,37.78671967392714
Новороссийск,"ул. Черняховского, 6",421.4,1957,2,8,44.7011302,37.78624574694099
Новороссийск,"ул. Шаумяна, 8",154.3,1927,1,3,44.73880545,37.77554155982362
Новороссийск,"ул. Щорса, 50Б",1195.8,0,5,0,44.7213871,37.7564668
Новороссийск,"ул. Элеваторная, 63",569.2,1961,2,16,44.739272,37.7710096
Новороссийск,"ул. Энгельса, 35",1202.9,1955,3,12,44.782728,37.69314893896153
Новороссийск,"ул. Энгельса, 35А",1217.3,1955,3,12,44.7132493,37.7766324
Новороссийск,"ул. Энгельса, 39",534.8,1920,2,12,44.71507815,37.773975592523755
Новороссийск,"ул. Энгельса, 41",685.5,1917,2,14,44.71477855,37.77452288866378
Новороссийск,"ул. Энгельса, 49",2290.88,1930,5,46,44.713074649999996,37.77602570380046
Новороссийск,"ул. Энгельса, 51",2191.8,0,4,0,44.7129383,37.77667712977647
Новороссийск,"ул. Энгельса, 55",2250.39,1956,4,99,44.7121112,37.77764872078807
Новороссийск,"ул. Энгельса, 57",1374.9,1930,2,26,44.7116629,37.7782575
Новороссийск,"ул. Энгельса, 63",430.2,1928,2,10,44.7109976,37.77897452510916
Новороссийск,"ул. Энгельса, 66",14000.5,1986,9,187,44.7111485,37.7803154
Новороссийск,"ул. Энгельса, 69А",187.8,1917,1,9,44.7132493,37.7766324
Новороссийск,"ул. Энгельса, 69Б",134.7,1917,2,6,44.7103424,37.7797318
Новороссийск,"ул. Энгельса, 70",2239.6,1954,4,31,44.7100822,37.780658971674626
Новороссийск,"ул. Энгельса, 71",4188.55,1948,4,33,44.7098308,37.780232923592514
Новороссийск,"ул. Энгельса, 72",638.7,1954,3,24,44.7098259,37.780982
Новороссийск,"ул. Энгельса, 74",6414.3,1983,9,104,44.70967635,37.78179283807301
Новороссийск,"ул. Энгельса, 76",6684.8,1983,9,104,44.7092657,37.78230256675495
Новороссийск,"ул. Энгельса, 78",6438.2,1983,9,104,44.708845,37.78279338685449
Новороссийск,"ул. Энгельса, 79",8393.9,2016,9,96,44.708663,37.781490823086884
Новороссийск,"ул. Энгельса, 80",6683,1983,9,104,44.7084411,37.783341
Новороссийск,"ул. Энгельса, 82",6198.42,1983,9,104,44.7080022,37.78378065654293
Новороссийск,"ул. Энгельса, 84",3435.7,1983,5,56,44.70755,37.784069
Новороссийск,"ул. Энгельса, 91",163.4,1917,1,5,44.70757465,37.78298526223021
Новороссийск,"ул. Энгельса, 93",27863,2020,23,274,44.707076,37.782771468120245
Новороссийск,"ул. Энгельса, 95",18494.4,2018,17,304,44.706860250000005,37.783680477331345
Новороссийск,"ул. Энгельса, 98",1767.37,1959,4,48,44.7068744,37.7843873
Новороссийск,"ул. Южная, 1",12319.2,2008,16,320,44.675433,37.7794633
Новороссийск,"ул. Южная, 10",12766.2,1994,10,240,44.677041450000004,37.78372975992603
Новороссийск,"ул. Южная, 10А",4532.6,2014,9,40,44.675923850000004,37.63349546805195
Новороссийск,"ул. Южная, 11",8091.7,2008,16,105,44.6760323,37.7846242
Новороссийск,"ул. Южная, 12",4442.8,2007,9,72,44.676643,37.7851367
Новороссийск,"ул. Южная, 13",9714.5,2012,16,90,44.6760277,37.7855851
Новороссийск,"ул. Южная, 14",9177.8,2006,17,91,44.6765939,37.7856605
Новороссийск,"ул. Южная, 15",2478.5,2012,9,108,44.67530925,37.784086637425595
Новороссийск,"ул. Южная, 17",5465,2009,9,72,44.77938795,37.7031506
Новороссийск,"ул. Южная, 19",7880.1,2013,17,112,44.67487285,37.78320974981274
Новороссийск,"ул. Южная, 1А",7588.1,2013,10,90,44.681808849999996,37.63179482870419
Новороссийск,"ул. Южная, 21",33589,2014,16,385,44.67584,37.7869257
Новороссийск,"ул. Южная, 23",10087.3,2013,16,105,44.676130650000005,37.78815959917731
Новороссийск,"ул. Южная, 25",16166.4,2015,9,216,44.67526795,37.787556605188456
Новороссийск,"ул. Южная, 27",39310.9,2017,17,385,44.6757665,37.7892082
Новороссийск,"ул. Южная, 29",9259.1,2016,16,112,44.6749396,37.78921295120699
Новороссийск,"ул. Южная, 5",9096,2008,16,91,44.6760357,37.7823996
Новороссийск,"ул. Южная, 6",14169.3,1993,10,230,44.6770184,37.78305494330367
Новороссийск,"ул. Южная, 7",21014.2,2011,9,261,44.77861115,37.70433995
Новороссийск,"ул. Южная, 9",4064.8,2013,16,385,44.67579635,37.78316744563806
